46832,24150,47156,25885,13551,19658,28400,13733,14161,16119,75172,14649,10261,150177,103140,98504,89226,14941,23544,68441,13742,105120,18831,103879,147759,16308,72544,92422,24889,106475,102594,29713,95198,29294,11848,14625,31004,18098,75848,24379,25587,137938,95202,14786,14408,83172,25100,17870,62470,99619,98145,35803,14096,60964,26793,105968,63208,25317,76274,52316,102949,22435,96741,30878,40813,71386,17696,83007,85265,15269,24301,33200,38088,17631,24438,18843,44218,57329,55867,18444,19734,17678,22688,16035,35766,56675,38789,16921,18185,18119,22337,35455,18602,18003,51231,6974
79375,49250,27024,51227,42884,30866,43409,22782,23007,26795,78598,25413,19166,52959,69855,480303,449898,27661,50397,89796,34577,121755,28967,522771,51681,21803,38844,479230,45710,352992,449767,50815,109082,422611,19394,23478,406607,31578,102735,44428,43952,53040,444980,19534,40618,405884,42185,29508,107130,463477,271511,43828,31513,220028,418184,444485,100341,32093,30483,52615,489318,35215,48425,428087,429021,134879,30152,89362,442920,59613,448215,401923,42351,37163,79098,37628,433477,75131,426593,43447,51301,42277,37444,20864,56964,89968,25751,29953,37386,36728,29211,46452,32984,26972,18384,51232
51877,84506,18219,20448,15627,96317,19545,27448,24963,38893,84935,27151,12958,19042,70551,96844,126978,28481,23667,64815,14421,106161,85202,105839,19422,26269,25609,97001,93402,110677,108961,46739,101172,51470,24711,23637,32080,85242,95796,26650,98258,19225,99197,24980,15986,65524,24327,109732,61382,109236,104752,22052,15701,57503,75818,113822,98384,98761,27301,47183,110513,74043,14906,70796,46523,85735,16867,90055,96044,35997,38440,58866,22873,13861,23288,109314,66402,119310,78434,21964,20478,14876,55221,23409,17148,60440,83324,16928,14284,14848,25899,70617,93377,5180,26981,18005
48759,87107,18594,27294,14840,99871,21448,16153,15225,39135,73852,18420,13487,18708,64887,96568,113908,14662,29718,62581,14508,107229,107918,112306,20074,14905,27546,100737,159101,115254,112239,63131,112199,52738,14166,13672,39336,105844,92956,26722,108126,22921,101128,12721,18432,71331,26043,98780,62781,111063,98584,20135,49396,52806,97354,110525,104397,91787,31129,62995,116077,82108,14709,81434,48723,81246,39196,92597,107993,18957,43662,58452,28614,14339,26166,112986,70964,98595,81355,27633,29689,16073,68045,13591,27385,92521,83674,16935,14733,15221,35623,74493,5272,93407,33016,18603
58281,87903,33127,39908,27300,86587,39014,20055,26778,47732,383135,19600,16355,37356,377986,390199,96867,19440,43812,380585,21792,433690,77399,368170,36201,23822,42902,400285,77539,390988,421634,77377,433779,41465,18372,20984,51190,74597,75750,42777,94047,40368,397123,16101,23255,75572,39615,74610,390832,422598,397045,40212,43814,397799,77416,374226,411158,70294,33581,372887,410788,86008,29597,80015,363736,102212,58545,222029,175222,40824,40040,64833,34349,22159,42056,91129,54121,367426,90997,40732,37519,21580,88875,27468,44199,68114,58992,26820,22057,23528,37554,13716,74490,70613,46449,35435
124759,25257,32018,43912,17099,26034,37177,16678,17050,21550,121660,17784,13320,22558,125647,117705,118471,17352,74734,90984,16060,134900,30540,128541,24693,17981,19483,141216,24909,137318,137325,33279,132569,53087,14452,15143,185653,31305,94214,207721,33099,23645,138691,14623,17730,84163,219119,23759,108168,132317,125433,37569,18398,71840,31559,140603,75720,31231,53364,51125,144215,25933,16870,42846,57357,122058,28199,139218,117711,33295,34336,56085,47853,16545,30320,25098,37875,80593,86685,18814,44996,22336,22502,15558,19512,127512,23734,17462,17006,17457,9250,37555,35630,25897,29207,22336
40020,15009,20395,13428,98424,15642,15521,13677,13567,79978,66442,15882,45931,16479,50728,71644,73450,13099,19054,45541,88242,104501,11582,83247,13996,14053,11201,78805,15394,86401,83437,14491,76812,31174,10539,12780,23772,13675,43345,17927,20293,14033,78933,12819,99305,51631,21513,16243,50040,84291,75920,15823,38471,42325,22090,82023,51838,15892,16867,28706,108138,29192,11171,24734,39015,56857,18701,63020,73323,38755,50927,22296,15210,94497,19896,18738,31498,47544,57691,63145,18319,96609,14418,12701,56808,43066,17365,56053,87113,5110,17467,23523,15217,14850,36740,18125
34897,19915,21567,12641,93199,12993,13651,11902,16380,69952,61869,16789,41029,15006,51014,66659,66788,13526,17773,49174,82948,90677,11737,75983,15340,11598,11524,70227,18868,82893,77607,13083,71744,24141,9195,13266,23841,12161,49177,16900,18694,15013,75010,11437,87447,52471,17790,15273,44926,79977,69444,14087,32210,36623,20095,82871,47005,13541,17437,29253,79469,26968,10317,22833,33566,53072,15899,63781,69314,37408,50221,20573,14166,83956,16053,16981,27159,44194,48221,58322,14265,87327,13084,16371,57187,39579,12279,53009,3800,87150,17006,22060,14735,14289,37394,18183
36649,18941,40949,11869,59183,19890,13457,32909,33501,55094,73048,33291,54922,18977,48775,67026,78850,34420,26280,47069,56578,95394,15020,86838,15077,39774,15389,82732,21119,92738,85477,19064,75266,27168,30596,45962,24136,15057,48465,20206,30455,13674,81789,51022,56437,58170,16984,21062,57583,92002,81183,14386,11694,45694,24121,92767,55516,26240,19259,24958,91420,33101,10682,25240,42872,63399,16435,70426,77765,16039,28992,40140,13260,60756,38268,21874,31212,49756,52160,19470,14837,57778,29301,38348,21411,43065,18195,5100,53023,56081,17459,26820,16935,16932,29957,16921
49288,71987,18105,19833,13361,83077,25723,13089,11952,35183,67908,12497,12952,39424,79506,85281,97733,15574,25451,57902,14993,96744,81638,95305,41882,11146,50842,89306,81464,105193,103650,63601,94968,45899,14922,10578,30031,75718,86005,22513,87622,40373,97111,13892,12934,63132,23143,148104,56807,98439,94273,27576,13833,56428,65930,99523,87949,82568,47395,39546,114461,64193,37527,66735,42795,74910,14982,82636,91509,15048,41314,51849,17371,11703,23441,90466,57223,82581,74656,16051,17670,13161,45086,11103,15000,57715,4600,18189,12280,17366,23730,58988,83670,83321,25759,38794
797452,91552,36326,48705,38744,77119,49950,34926,38067,44309,692634,37303,26886,57940,678165,1077005,1116363,37950,84124,632531,34539,1113919,67690,1107840,62032,36036,42084,1274246,74567,1105605,1098524,89428,1020446,62706,31884,35347,104449,76555,691327,89814,402461,53802,940765,26139,36559,732872,98628,66213,361851,1105052,706980,53818,43026,117026,92285,1040458,410549,70367,40850,90785,1184321,79197,38917,81272,224282,664522,52512,741405,743389,61102,90429,70647,50577,36401,83523,79241,402386,425256,503913,51386,48773,40490,62278,35338,51933,34124,57718,43067,39570,43048,127513,68122,92527,60439,89966,56690
48742,28336,15953,15998,66875,26799,19758,13760,13868,41575,64116,15987,16893,36944,78586,88993,81052,14267,26123,50033,54208,86994,25571,92649,38594,13333,33904,84661,37912,95689,90831,23609,97122,31483,13046,14244,32294,24750,45828,23559,34635,36745,83488,12013,63994,50875,20258,19432,64419,92073,80014,15175,47465,43521,30761,87205,63463,29046,42586,43781,99671,27108,31252,30135,51491,61805,29855,74087,79498,42228,76169,31995,35046,59883,40366,33585,36447,60421,64809,74033,18541,63727,30302,12787,5334,51931,14940,21311,57188,56796,19512,44197,27384,17152,56936,35764
30138,16179,27570,11285,19002,14969,12096,102352,101039,11992,49823,87598,49048,14910,46448,63047,64900,83838,14885,37947,13359,74190,10581,72283,13303,89946,11295,64655,17307,80659,71454,14948,67791,39612,80324,86435,22775,12567,36860,19349,18573,13589,75398,80244,13766,43093,16749,23090,44010,76240,68369,14221,28075,36404,19798,73242,49485,14371,13823,29329,78748,14490,19276,22151,68870,49517,29134,55527,64415,18759,20822,22574,19213,15591,15676,14696,27227,48704,43555,29588,13913,11510,24431,6714,12783,35284,11105,38353,16368,12705,15560,27464,13604,23408,20853,16034
55182,72216,35733,39576,15594,74322,40212,26952,26392,39966,75930,25230,23309,24963,70769,88149,93187,27054,27216,59885,12620,96524,57063,103746,25582,24997,24730,100270,74123,109389,99198,56949,107186,31670,24339,24711,34115,57399,72341,23301,66984,24169,94570,24518,29338,78001,24307,79687,56046,102532,94040,39271,45239,53857,80878,102729,88626,61142,23056,52098,106518,70222,19195,76234,44001,81652,40239,100908,94808,23042,32497,56219,17785,13452,22008,74894,39391,78046,66319,32307,39520,14800,6110,24434,30302,62260,45087,29297,13082,14416,22497,88879,68017,55225,37501,22688
36926,15296,22892,13472,102240,14928,16404,12631,13274,76089,66041,14623,45984,15449,50966,69346,73927,13679,18415,50474,93793,97299,13487,88543,14278,13985,12130,80243,19967,87411,84062,15560,75934,27508,10982,11129,26027,17000,48306,18464,22912,14265,79566,11708,100824,57728,18481,16594,47263,83736,72493,16154,37677,45729,22992,100262,66615,15365,19261,25742,92600,30455,12190,27381,44939,55042,18426,63028,69949,41316,57123,24438,18755,96155,18499,16403,36175,47791,58015,62344,15938,6052,14795,11511,63742,40511,13164,57772,87338,96644,22338,21569,16070,14875,42289,17681
44318,20388,49889,139657,17321,19928,140370,14556,14690,24123,77613,13247,11116,18299,69786,90507,92516,14830,27119,56622,13233,101987,25478,103766,20568,14569,61657,97250,20407,105778,103281,19259,96546,28203,13358,12532,31912,26842,62631,22435,28021,27289,99611,11212,20401,66615,24060,19373,63727,106566,94694,130381,39955,48641,28629,108800,66207,21897,23012,101727,113196,23746,13312,53192,45262,80110,38126,92748,88529,30001,29174,36222,126561,13232,22466,29516,113694,53736,53804,16103,9682,15965,39522,13913,18540,48773,17673,14840,14264,18320,45006,37519,29690,20479,51283,19734
41599,35677,15740,17988,63999,34657,15829,30462,31204,35987,69600,31993,14477,16767,65684,75685,78878,30518,29684,46226,55358,91309,26695,91919,15292,29256,13041,85976,28486,98548,89071,24536,98006,30574,27351,30006,30413,38576,53830,20785,34046,15172,88341,32073,62441,50431,45393,25423,53984,89673,87850,21354,62977,58939,34345,94089,59365,28019,20428,39301,96186,47574,12229,30710,56895,69755,34204,76275,77662,49130,61393,27324,15896,58441,24281,39026,36894,58223,57618,6098,16105,62349,32309,29599,74025,51372,16050,19476,58364,63159,18809,40723,27626,21966,43435,18433
531879,81237,49783,52570,59669,81417,55696,44866,44182,61159,304264,47629,39939,57696,200064,849782,1776593,48025,86799,202624,48560,1595062,78680,2039009,59001,45031,51809,1431384,84543,1846629,1651032,89711,1415253,433076,45537,48356,483958,77217,249894,105056,391239,56158,1402474,38215,54614,560993,103970,111279,180704,1775887,1212797,57690,64721,235753,433376,1955458,1469988,95042,62071,77474,1818363,79200,48948,601871,612750,1282227,69568,1093543,1680384,68927,426332,422634,51525,54090,98805,84538,731381,923654,47798,57618,53805,58016,66310,43551,64812,503655,74642,52163,48225,57635,86675,90995,81339,78413,427530,55881
658205,97330,48297,53893,51256,104064,55053,43752,46664,69498,971606,49957,35541,60372,660702,1120717,1172104,48747,99521,446569,42756,1873430,94855,1552530,58698,47599,61519,1179988,106790,1804232,1523371,87721,1663066,70920,39973,49333,91457,94508,274744,85438,406223,58630,1664156,35487,51890,265996,95024,95670,776751,1813407,1330351,57272,58677,691244,97446,1607488,1612450,101952,70423,563744,1703830,90914,48443,242738,746896,910297,84873,838253,1104418,57861,71693,92572,56833,49261,90725,108457,399874,43710,923813,58227,53747,47797,78042,48702,60418,424999,82580,49758,44202,47530,80595,367429,98582,119347,75121,57336
519641,52476,34126,105461,33298,63211,118043,30997,30941,32090,95726,30883,25808,43579,89130,732587,784923,31694,48243,90180,27625,441082,63619,853877,43773,30416,76783,809791,72422,654086,806884,35054,373569,419269,27565,27620,422107,63976,150193,56729,372590,51688,869618,24145,30954,454889,54882,63503,92323,797203,281664,117656,33345,208231,397580,761563,417440,69183,32339,101156,845735,41873,118264,449397,561061,163848,37402,111970,528839,36546,397075,411141,110076,29665,51675,74131,28276,400675,733319,36895,113698,36184,39390,27227,36440,402495,57234,31206,27154,31489,37862,54108,70947,66402,433880,44225
56796,108433,17814,21166,18281,117582,25342,15979,16215,45158,94001,15682,16862,19858,89534,109638,122185,15935,36313,68294,15318,117861,103339,123660,24793,14627,26122,111442,114864,130368,124871,61383,127333,58087,14348,13370,39358,104747,112525,28762,119235,19787,111151,13428,20720,77793,27541,112358,69333,120066,123194,20489,31412,68445,86001,124756,116247,118479,32366,63042,127474,103109,15932,81568,54871,96311,31163,98392,110104,26332,49310,61028,21132,15153,27564,6892,74140,108453,84524,39028,29526,16399,74905,14693,33602,79234,90482,21867,16982,18738,25096,91125,112973,109292,37624,18844
111984,47006,37740,22298,20172,24108,22712,17419,16793,20206,97955,17327,14072,24101,88751,122771,123586,17013,158281,94017,24702,126793,22109,135736,23289,17361,18371,127460,39205,137295,135080,81613,121866,40991,14726,16126,76652,23050,74182,64385,39099,24114,124551,23278,17225,81712,72396,25769,118785,134811,119730,22886,38769,143563,67346,140427,95765,52441,31117,40232,141353,28665,17263,54460,65035,111163,67654,107214,142715,66818,71190,80920,23215,16790,8636,27604,51690,90732,98812,24283,22464,18501,22009,15674,40367,83502,23440,38232,16052,19895,30321,42056,26169,23288,79147,24445
70231,15188,21995,11690,102824,17754,13916,11192,12312,77956,66100,13123,43545,18854,54401,68952,76751,13357,16532,40848,88145,93487,11851,86550,13475,15891,12624,81120,17305,87698,85902,17723,83547,27054,9183,16324,26510,14191,42580,20736,21570,13587,78428,10039,96313,57967,16381,17495,52639,88143,89195,15346,36502,44866,22543,86412,54784,16762,29570,29683,92723,30258,11234,25930,37128,62598,21850,67085,72138,36960,54077,24610,13824,5760,16791,15151,29655,49245,54087,58444,13230,96151,13451,15599,59873,36390,11701,60756,83952,94510,16543,22161,14339,13861,37161,17631
50999,20573,30080,117874,19834,19581,120034,14819,18089,17556,74749,14829,12501,39954,88241,101482,91311,13209,22494,59806,15092,100887,25696,104522,39880,16637,85541,95717,19578,107087,102730,19356,97429,25715,12147,13366,31609,26814,62837,23916,26079,46120,100619,11974,14877,61783,23532,20536,63352,105748,95108,115954,16197,58549,28503,105144,62933,20020,43166,93085,109965,20690,33751,38419,43400,82248,23957,94136,91368,32344,23779,36368,9768,13824,23219,21135,110089,56821,51523,15889,126550,18755,17788,19223,35046,50580,17372,13262,14169,15202,47846,34345,28619,22883,42341,38097
109536,57317,29577,35793,26190,57325,40164,21957,22006,38633,106206,23663,18607,37215,86372,475721,469686,23253,92741,110205,20557,135899,54121,532117,32420,23034,38105,489114,56520,364280,482550,56058,122424,427354,19206,23868,446516,74012,100684,96649,63297,32137,472380,18104,22283,413713,81450,54184,132678,524112,286863,37012,25205,208359,395782,451603,120391,48728,38390,47717,481711,62305,27200,430904,409793,153325,35944,99273,445046,30114,379795,18662,36375,24604,80921,61045,410759,92571,422673,27324,36220,24437,56209,22573,31997,70665,51840,40146,20578,22299,55875,64769,58456,58860,402834,33200
83607,62118,26551,25527,59030,43831,25756,26365,23033,30097,79755,25521,23054,25570,68935,421315,455131,25788,43216,80269,48720,117677,44608,502015,27191,21006,22094,446382,52449,349745,455355,46272,105028,456923,19878,23145,386167,40876,92717,51418,52333,23086,435448,19571,57952,406281,47369,40714,101568,458494,261890,28913,35161,201495,420709,448304,93387,39023,29199,45179,472995,45729,23316,399014,425716,130737,35621,83267,423800,71919,18114,379622,23788,54089,71194,49304,397401,71681,426297,61376,29175,57122,32476,20827,76160,90430,41322,28993,50221,50925,34334,40038,43668,38422,448199,24306
48973,40957,29533,30466,42322,24090,30860,18967,16178,21749,69487,25942,17867,14315,61637,74771,78658,18121,33829,58530,34131,93316,14411,94526,15708,15895,16257,100197,18550,95012,90617,62650,84532,32683,14154,15195,58363,23720,54395,22159,27582,23233,108719,14814,41389,48077,20326,25045,51651,98468,86590,35362,26360,74428,55569,91610,61422,22531,18983,39979,96341,27140,14875,32277,49050,81075,51067,93545,97726,6938,71921,30126,32329,36951,66823,26327,36536,57881,68808,49120,30001,41319,23040,18751,42228,61134,15044,16039,37415,38745,33282,40821,18949,36001,59615,15278
585476,96046,70569,84081,77745,105752,87760,116669,72409,77407,1427721,73082,56879,94377,1275598,1790485,2726177,72663,120111,890486,63881,2835195,82625,3043003,96799,68584,79636,2456393,110488,2992444,2657685,110649,2586119,453505,61606,69366,513339,94840,1275166,141064,175421,86920,2309476,52338,77174,1544820,137810,98979,1123728,2883707,2454644,90148,77381,700036,434117,2703162,1538947,111487,89141,191635,2853868,103282,70813,643742,640064,2286428,114009,2459178,82708,97778,423511,444356,91356,72148,142720,110131,528342,1103664,1678318,77672,88521,69948,94830,64431,79510,744732,91536,77766,69296,73347,117708,175362,108031,96024,442828,85269
518126,92308,69191,89608,63455,98468,91324,58032,62703,70606,1476759,64264,46656,90459,1470195,1617011,2278657,60742,123854,1010877,57056,2763385,97580,2547565,90574,64999,69827,2117198,94943,2619803,2224511,94833,2533231,95409,53923,61046,125314,87589,1410919,133167,103793,82748,1919653,52289,74884,1233463,128000,107974,1186342,2512781,2324362,95469,61244,752179,106880,2336448,1260225,103740,86311,230904,2418176,92654,64289,100277,192014,2157272,85066,76040,2460597,93548,83280,99268,94121,67093,107186,98432,111989,839353,1095433,76280,92758,63006,100753,55549,74100,743171,82633,70318,63752,63037,139186,222170,92617,90076,89369,83061
64662,30804,33685,37405,20244,72878,31786,29761,28437,13179,77740,30797,25244,17844,63795,89040,88502,31752,47142,57209,24946,106337,34701,106439,16232,31852,14069,96361,29952,107158,107023,63094,100178,38204,27266,29574,61576,36110,53682,29963,34977,15530,93608,25600,19199,61880,22715,17834,65186,113074,99205,28958,48832,57742,31459,99336,68791,31436,25720,65052,112403,30967,24298,52030,63356,84265,6200,85064,114036,51056,35610,35948,23960,21854,67667,31165,37416,84869,69575,34209,38131,18426,40245,29131,29863,52548,14981,16435,15898,18702,28196,58527,39198,16874,30137,17715
479666,93483,62662,75859,60517,90993,79013,52427,58540,61183,1152297,54184,42272,77724,996384,1148771,2143091,55770,123270,687416,52044,2370533,74522,2357650,82727,55231,61838,1659414,90889,2449221,2009710,81243,2147154,139930,50375,60199,161382,80902,1073475,129338,96054,73802,1745516,40407,57311,1032652,123898,95187,707553,2206732,2085162,82950,57003,343490,145796,2094421,1351778,96393,74376,105051,2166518,89291,59021,293164,189880,65496,84269,2157335,2284665,81009,130795,153279,82234,62596,111138,96295,163872,910430,1282038,69755,80164,55043,81643,49498,61827,664755,74937,63429,53100,56853,122021,102175,81247,85733,134861,71387
273695,51526,58749,42420,38321,52685,41633,74048,77194,44374,650169,78210,53467,43067,524352,1123888,657804,79864,57364,512605,35527,913550,49049,959060,44613,76484,37864,1121583,52866,1086579,1187931,48369,815771,455167,75729,69224,434034,48363,116789,73575,178516,41535,1154682,73442,39612,418692,64282,46856,657893,1242292,890578,43106,57321,784124,481970,1114902,843733,47207,43528,580094,1151059,53587,52394,487318,37802,189797,63344,191827,639954,49034,425646,409518,43406,37137,65036,54869,561003,746182,612567,56900,45266,44938,43983,68872,51511,224280,42793,42868,33570,39013,57365,365019,48699,46480,428929,40818
79775,79434,40629,51213,26609,72747,47368,24793,26334,57239,167587,27604,20321,30736,84502,486255,694518,27121,51358,93732,22073,295349,94312,672615,29598,24826,32619,507445,71998,572730,692108,57552,267631,443330,23059,25552,426360,87365,109804,56452,112341,28684,634320,20943,24874,454091,45473,73710,90238,652734,429403,48872,45060,206288,462640,590809,278144,71481,42455,61570,613873,79473,26054,20628,487254,293151,52041,100295,644392,32258,398976,430879,38418,25926,54457,81579,449011,242753,601777,30710,53199,27387,76266,22147,30129,81255,66736,25249,22828,24738,42845,80007,81434,70788,429305,30882
36494,16917,36313,25226,11090,14211,22920,25947,22457,12730,53442,23834,23037,98839,79048,84095,73724,24150,18199,42325,14373,78996,16748,81069,102304,25953,57770,76597,15700,87478,84892,22310,76546,34904,26281,17954,27637,14332,55083,18034,20414,98877,76178,26502,10927,69150,17528,14878,46275,83507,80710,23575,20222,53131,26938,81458,49614,21351,67816,29276,81162,16570,5570,26057,52386,59039,24298,64306,70828,14873,23314,27198,33747,11238,17264,15933,118268,48448,48957,12232,13311,12193,19192,19278,31255,38916,37485,10683,10323,11165,16876,29595,14707,14901,48423,96740
55085,99184,21082,29150,30471,86873,22140,15811,14602,53123,90405,18019,27715,22928,82907,101288,109448,16006,29388,71261,27924,111098,75683,109916,23219,13885,31352,106966,78585,119888,115307,54616,116477,57557,13769,12578,41996,86095,78499,27836,85790,30751,104343,12010,28992,61261,43658,84745,69415,108775,106149,47626,47791,64863,84099,117155,108974,81825,27184,53272,120128,6282,16572,79464,53588,89301,30971,92675,103264,27138,45726,62300,20690,30258,28669,103098,41872,90920,79225,47588,23747,30447,70239,14489,27116,79164,64186,33114,26964,29187,25926,85759,82096,74052,35226,22419
1034451,116591,82027,98246,92575,121153,108781,85270,92170,103971,1945631,89311,66607,115983,1771453,2707689,3008567,90145,143422,1375066,77372,3510812,100353,3537349,116016,80646,91186,3165518,122274,3697450,3377579,120967,3165749,468629,72600,85626,515488,117853,1407907,166225,486989,107108,2997860,61774,91151,1540391,152670,119599,1576238,3619162,3022925,110709,90124,1249804,469586,3427656,2023726,120577,100615,621521,101852,120150,81174,613479,1150146,2164958,112370,2414643,2851211,96317,472575,480982,109972,92757,141347,127461,845877,1705646,1818604,96202,113214,92631,106534,78762,99700,1185384,114266,91389,79477,107935,144129,410916,116071,110501,489282,102948
64173,51693,39990,90347,29416,55703,94193,26022,26809,30496,611834,34026,21363,50171,521040,615812,111672,26790,48647,425288,24144,723927,60972,359759,52237,29249,55645,598942,61904,637138,666867,51853,770681,47812,21873,32439,52814,60925,83409,47609,62611,62440,626018,19794,30610,80623,44152,42713,656415,662360,648205,86894,50916,619023,45536,597413,629207,56429,38206,22466,619673,53273,29273,61591,578547,105145,65056,230685,191331,39947,45153,47708,93062,29703,40220,63047,101187,563699,77487,39304,101716,25739,52097,29329,43791,90809,39547,24960,29249,28712,51130,373362,62984,47197,52634,52318
72401,25643,45493,23922,21968,26290,23809,17501,15262,15074,74453,15764,14706,80845,100892,95065,87614,17459,31207,58537,18028,98410,29420,111345,78791,15924,52870,92838,26273,99773,102106,22294,96165,32515,12781,14632,56610,31273,68791,48996,31848,71401,98140,13071,20505,75328,50065,28693,62329,105934,137297,26109,26004,78942,42436,97244,69829,32050,6998,38249,100650,27183,67821,42456,43527,74373,25718,86213,89258,18975,29199,38417,43147,29625,31103,32369,32341,70437,62089,20437,23011,19261,23059,13828,42591,40849,47391,19258,17437,16874,53381,33577,31140,27302,30471,76277
62332,91823,24840,22027,21672,91016,28081,15158,14915,36572,87450,15384,12531,24781,72172,102233,115566,15072,49872,70937,14918,117625,84855,116314,25039,13809,32634,111217,92348,120398,114932,60357,124916,46644,16243,14257,39136,85787,94884,37111,105525,26494,106447,18005,15902,76581,33577,83111,69979,115336,108168,29530,33470,64128,66296,115121,98470,6454,32067,56426,120606,81825,21358,71484,47173,96326,31432,103789,111584,22529,39030,48733,20019,16764,52502,118479,69184,101944,95058,28021,21908,15363,61143,14378,29060,70337,82583,26238,13542,15892,31225,70281,91784,98758,32096,25310
553252,113627,56220,55563,54277,105708,58987,51958,51061,76370,788540,51270,40772,66987,564080,1079503,1513846,52431,95701,474840,46443,2301904,89809,2073474,70553,52753,70810,1620379,105927,2267771,2015483,91906,2083521,99613,44107,52440,109139,107728,125182,89676,398725,71999,1598802,36640,53834,121829,100694,106051,689468,2101122,1715339,62160,59220,695158,125172,2000869,57050,98471,69816,630923,2024114,108992,49606,277880,843602,1348223,68773,1258554,1537712,61415,93396,120265,62955,54788,95781,116264,416569,1614135,1469715,59348,66288,66590,88650,49506,63460,410531,87909,55512,46976,51732,75708,411118,104483,98380,100388,63223
961574,119551,83333,95988,90784,110506,103818,99230,85957,92073,1997812,84161,62342,110150,1637151,2452519,2785070,81161,138809,1212347,73462,3314466,95889,3321578,111292,75015,90691,3018848,121647,3398016,3164598,113189,3002659,439559,74027,87114,473582,114112,1295132,155743,412315,101597,2833106,61877,88219,1505992,150118,117563,1471863,3375686,2742769,109793,84264,1121879,437344,93506,2000827,115107,97173,595925,3428157,117064,81153,588829,1113155,2091531,99327,2336008,2700657,91601,448069,450547,105132,86462,140438,124766,761777,1602614,1955772,94019,108789,100319,102647,73155,87243,1040762,99580,92737,82905,82015,140603,374017,110536,113809,444510,105988
80716,102234,23294,27866,23477,76917,27715,24805,21398,70065,89361,22192,18296,27406,84036,419785,455355,26911,49869,97191,20717,128755,71348,481550,27839,21315,37160,461046,83467,355789,468008,83212,107263,393061,19984,20543,393563,69045,116171,49649,77429,27090,446161,18705,23452,407164,43187,84166,85403,450344,273000,28838,26138,218028,17018,437493,125185,66281,42435,45527,469251,84097,26934,462858,481918,145951,31456,106842,434125,55570,420432,395802,28502,22544,67335,86019,398123,97418,433436,34356,28634,22999,80904,19790,30760,92378,65933,24128,20103,22100,31553,77406,97357,75813,417921,26824
239987,76185,39007,49590,39976,60531,51883,42183,38828,44313,1086120,37568,30535,62647,968766,1254392,691402,37719,130814,691144,35031,1238043,47798,938678,66230,39412,51472,1215591,53031,1238723,1254821,81173,1142899,205332,33775,39019,200250,53175,541914,85161,73717,61723,1195266,30173,41486,482739,82748,68158,1116659,1248557,1222220,54299,40880,41110,218063,1122515,694836,64106,78918,619410,1249950,64858,53128,205926,782466,343453,57747,752319,699400,74434,201135,208062,58549,44896,143551,68441,208362,691266,235667,58948,48636,45732,53826,36401,43534,117087,56435,45698,36624,42324,71847,397915,52802,57482,219983,60953
53436,27490,36465,35065,36541,25952,35972,28713,28293,39299,59545,28021,23908,14713,51209,71762,86326,28743,45961,41418,32023,89805,29389,85007,14182,28088,12215,80467,26344,91403,85269,28289,90362,39517,28397,33100,30653,25729,45052,25518,31266,18604,80154,28501,39806,57918,38944,15262,53989,90953,80211,52709,5998,40892,26144,84278,59241,33468,25997,50903,90225,47721,20224,45062,57306,57013,48833,61221,77416,26416,35155,25206,16197,36507,38761,31410,33365,58726,64722,62979,39958,37662,45269,28101,47457,43133,13833,11693,32207,38475,18395,43813,49401,15690,31518,14095
57975,18737,53261,125027,15545,18909,139953,14887,14854,16813,77444,16029,10650,33344,68830,90394,94995,14463,23194,61456,13500,99381,36150,100304,34857,14067,71088,100633,20718,110445,105555,44577,97979,30362,12042,13030,29345,18294,63256,24235,29815,31519,93513,12399,15802,67792,29767,20002,60179,103085,88427,9874,52696,54313,28843,109796,62221,29517,26114,86971,110834,47017,23576,48876,43118,82959,28958,95453,90160,35329,28916,37013,115963,15346,22883,20483,117689,57290,57682,21577,130383,16152,39266,14214,15178,53835,27578,14380,14091,15823,37577,40218,20135,22059,43825,35799
516742,106617,73263,87390,77436,117783,96441,71623,73660,78739,1886857,75770,59868,107749,1767546,2101780,2371294,71238,120343,1172645,63628,3110032,87044,2818058,106832,76238,84903,2540652,106153,3077905,2735866,100794,2824039,288830,63861,75032,311022,94860,1479631,138091,113770,97964,2448034,53425,72609,1278989,129444,109345,1498108,2949401,83978,88434,80233,1220315,272515,2749232,1717009,108134,137260,649369,3024143,106091,80708,429439,890607,2084175,99206,2324872,2455330,86551,261896,286806,95118,89313,119660,123203,281734,1328756,1209082,87856,94654,72517,94027,68385,80024,707345,94287,81137,69473,75889,125360,396338,98593,104746,271418,98149
989749,112084,81274,95512,89584,113198,101885,82251,80612,89993,2013976,79821,63076,109431,1759492,2986034,3044906,83512,135646,1286496,73187,3570083,95317,3538133,113672,87313,90457,3254266,121611,3653761,3447710,107463,3231412,481468,73321,77022,516814,180083,1360959,155075,421093,97892,3019913,60918,81813,1523653,148044,110968,1597150,90620,2943644,103047,90918,1246811,449905,3366155,2103007,115330,105931,662515,3622098,108825,83503,651943,1239814,2206409,113062,2513992,2879102,98467,458410,524139,105768,88136,134834,120074,799636,1813975,1775612,89687,106569,83750,102443,76095,92079,1105499,98506,92010,79876,84285,132306,422413,111059,109286,462605,99644
455250,65393,47044,60988,54080,67583,61962,46336,44638,53770,1490439,42884,34266,63668,1348712,1562566,996659,46370,108580,1010584,42116,1737567,54956,1205225,65318,48191,53579,1532054,76811,1539853,1541258,71075,1589732,113569,38269,47668,129170,60291,921161,138917,72880,61378,1524242,35828,47086,775824,116697,69906,49284,1599114,1498519,60172,54018,1115880,85397,1471958,689529,69967,62314,657756,1576932,69425,46280,90225,658017,707114,65198,1187663,1123331,51630,101591,132653,63366,52634,118767,69335,92342,777073,180531,54026,63716,47268,56046,43979,64423,362466,56829,57591,44914,50026,108147,390053,62798,61389,107126,62476
50873,91046,16438,21478,19883,97582,19397,25822,25303,43568,92724,24214,13571,18923,82987,100041,110389,27982,25113,67623,15275,116122,83419,111561,20648,25883,25783,104507,90860,120363,114820,49682,108534,48444,22928,21518,34013,86377,96793,24385,97900,23574,108148,22723,16191,67279,24474,6296,69914,110975,109366,20001,15265,68170,84155,117546,106082,83122,28687,42716,119718,84719,14876,73719,46937,95211,17828,108094,98974,25048,40721,54185,20534,17494,25775,112373,63545,95665,111328,25425,19373,16600,79066,23093,19465,66229,148074,21063,15278,16243,23754,74612,98752,109733,29512,17867
130998,28155,19802,22817,18637,26848,22822,19169,17041,20537,126447,17980,14418,23933,101024,128141,133317,18651,116247,116124,19046,144754,24843,148627,22253,16470,22782,151062,27604,158713,148501,33128,138969,62645,15597,14971,222786,25098,83518,257722,39029,22155,144495,18151,19820,91927,10254,24468,116714,148074,129472,29573,39017,82766,43196,150160,100672,33567,50052,44133,152846,44063,17531,45471,64308,123916,22704,128202,137840,20331,47371,81402,23533,16380,72385,27543,54944,95078,103988,45551,24136,18484,24303,16742,20264,98705,23146,16984,17787,21511,219033,39629,26043,24321,42184,25079
490710,62835,80670,65858,60348,103187,70567,46095,43728,67528,1130634,43531,36915,89430,1127587,1534767,1543020,48465,81009,803395,52684,1287235,61969,1532436,87586,41342,52255,1638831,73604,1458613,1566219,58605,1198846,414955,39119,48264,456843,67140,1200431,94010,80245,83427,1410026,34941,57455,45968,91907,67278,775646,1525129,1277816,67788,57971,482794,407148,1503352,121723,76580,75412,80624,1540626,61232,69152,453932,418401,1032833,61882,1234500,1544932,48053,406680,413599,61782,57991,81711,77764,455861,266045,560448,50442,66615,57739,78020,43054,50812,732942,63122,58212,52520,51589,84105,75573,71308,65491,404637,83172
35971,16701,23692,12070,101842,15498,15277,14889,14578,76896,68807,14536,44804,13152,51427,71824,74032,14657,19924,43233,92015,94330,12835,84338,13396,13381,11125,79762,16250,93905,90327,14618,82467,28491,10523,12823,24664,14088,42663,18568,20633,13381,74060,12938,5954,57480,19821,16200,47091,81817,72614,15801,39796,41481,23520,88217,53844,15901,20511,30640,91150,28991,10932,24873,39626,57307,19196,74736,77171,41392,57945,22290,14881,96310,17229,20723,30953,51921,54660,62440,20399,100823,29269,13762,63998,36683,12935,56427,87442,99287,17727,23253,18452,15984,40630,14399
26041,13059,38632,13490,10219,11991,11228,85600,86340,10380,45128,83203,53080,13101,36751,52027,53083,84712,16598,30781,16444,56808,15767,58426,11426,82741,13849,53846,12079,64155,61201,11171,56029,38052,90898,72413,20927,11230,30857,14771,16789,11975,54177,5436,12932,34940,18149,22725,35828,60890,53439,12396,28472,30174,18710,61869,36644,18003,13065,19797,61781,11993,26518,20942,73441,40403,25604,52288,52342,14814,19571,18101,11976,10039,23467,13425,24145,35470,38215,32074,11214,11705,24521,80251,12015,26124,13893,50643,11441,12805,14625,16101,12721,24981,19533,14792
884153,103951,72636,88996,84560,109693,94868,72401,74953,85555,1797641,82022,66747,105847,1623442,2370389,2445390,76665,137410,1121421,69804,2832492,86398,2864331,103182,73958,86132,2603653,106500,2967600,2758130,103047,2639848,453512,65080,71961,493134,101294,1237245,149876,379100,102412,85938,54177,74075,1411104,144462,108132,1524080,3028011,2444406,93487,80117,1194160,445913,2832862,1600874,106263,98130,625600,2999741,104301,76173,633662,1155091,1742975,93608,1920140,2309862,108738,435905,471700,100620,78295,124569,111164,869796,1659022,1398350,88329,99559,79503,94287,75416,83451,939547,97109,81277,74952,78945,138648,397011,101121,99162,445337,95259
53684,22594,41714,34793,17099,19243,35931,14462,13135,15290,77247,16435,11239,137657,99936,99008,93858,13134,21780,61395,12634,98966,22811,104712,140668,13343,76018,92552,19147,105841,100383,28614,94575,29541,11460,11967,32724,17844,72908,24123,24470,8036,102481,11979,13384,83432,22155,23566,61377,97900,97985,31522,18608,61718,27091,101616,71981,26498,71407,62505,107377,30749,98874,28679,41539,73795,15532,82826,86915,23228,23087,32139,46122,13586,24109,19780,51680,58656,56150,15170,27291,14269,24158,13593,36747,53794,40378,13672,15024,14033,23654,40367,22931,19229,53040,137913
497279,132764,22218,26711,24856,106655,27802,20311,21607,44456,86540,21779,16373,25169,79909,395020,487312,20347,46404,75884,20300,434983,101175,464525,25953,21837,32293,475678,110526,396269,431297,62562,368233,59065,18350,18629,47952,100144,102317,43007,13128,24468,378669,16789,20633,80206,39011,97890,72867,420977,113779,29828,31278,73714,77411,411326,399844,105512,31840,62595,486648,85779,20409,112332,178209,96035,34983,103853,175225,27598,52340,63292,26080,21574,39105,119237,373642,405323,391205,34045,28037,22910,66999,18564,34626,402544,87623,30449,18693,20297,33110,94026,108126,98248,43967,25593
148477,28119,21815,22701,19952,28480,23147,18209,16499,22766,122344,18914,14531,27117,97321,136487,138367,22823,103043,134704,17416,148201,23293,155120,23802,19665,20300,154462,28550,159449,152431,33163,139152,73468,14766,18683,211769,26009,84513,10248,43002,24118,149881,14772,18567,93949,257611,24392,139115,155072,138125,24249,25496,85119,49669,155779,89694,37097,49002,47617,166281,27836,18035,56449,73384,129247,29965,133327,141108,22167,51437,96718,23914,20739,64377,28761,56738,85427,105042,20792,22429,18461,23303,19343,23554,89816,22512,20207,16901,17911,207777,42838,26727,26659,44422,24377
452386,77812,55680,61524,47089,94364,63014,40378,41617,47315,1257998,43759,32456,78366,1234964,1389832,1390056,40100,76976,901248,39092,1467051,74935,1340527,79027,42160,57025,1349358,94174,1350192,1342635,59064,1346366,106978,36502,41136,128689,86710,42426,84492,102290,72908,1237759,30856,42658,1198501,83497,96789,922228,1359334,1479598,63234,45008,541625,116201,1296338,125197,94869,68783,83385,1408102,78540,55083,109821,116886,1072509,53689,1411605,1274489,54399,92693,100631,62838,42581,74193,112513,150238,274568,250081,53849,62621,48338,72357,36864,45827,690674,86002,48451,49185,43314,94215,75731,92954,95709,102771,75846
52299,82071,17478,26224,14870,157672,21626,14168,14489,37587,77429,16989,11816,20717,67694,93949,108385,14757,27490,61333,13062,107982,95339,104933,19783,13238,24976,115618,93302,117440,118383,61505,111368,49664,13467,12389,37446,5262,86689,26011,100156,17838,101299,11230,14086,67135,25105,86366,60294,175444,94822,18302,25720,53154,69048,114180,107880,85775,31252,60924,117917,86097,14326,87382,48384,80917,36111,87635,94857,23709,40880,73949,26803,14181,23049,104746,64000,94510,77220,38582,26844,17002,57398,12568,24750,76560,75716,15057,12157,13678,31299,74599,105845,85237,31584,18095
110140,37993,28481,31724,27857,35148,31624,27154,24233,28475,130255,28557,21360,29899,109990,489486,514751,27569,72965,131073,22505,182582,34385,538632,33138,24035,29809,525867,35867,389595,507652,68773,146843,435512,23444,23555,22424,37444,128752,211904,47946,32813,493205,20928,24659,456689,222848,34011,129188,517310,310924,29338,30654,200515,394366,473573,109158,39128,56604,52836,515496,41992,27644,426526,434620,161261,61582,125400,513086,58375,386542,446685,31737,26508,76663,39363,422213,91464,484192,30422,31931,26029,34121,22774,32293,104452,30021,24139,23904,23779,185765,51189,39323,32099,406462,31023
37492,17052,21758,10960,12632,15691,16674,79395,81894,12141,53819,80450,38744,15572,53943,61983,70577,79750,13688,39726,10005,81550,10741,81135,12958,87023,9747,74605,16631,86069,79408,15454,72990,37569,73672,5020,23540,12390,41110,18687,18627,11976,71984,72408,12825,48243,14966,21514,47879,76970,74845,13036,33115,39010,20535,87193,52424,14260,14630,32440,85648,12578,17952,25549,69214,60293,29556,61162,69401,15193,23178,23870,13376,16282,16127,13363,27614,49327,48391,30005,12523,11126,24715,86429,14242,35228,10578,45952,13267,12779,15144,20964,13668,23639,23475,14627
32057,14493,34823,14235,10656,13670,12451,87072,85557,12956,46148,84675,52123,12608,42827,57726,65058,85691,15492,34787,15072,66304,15656,67546,11531,84030,13867,61872,13871,70224,70796,12332,66064,42287,6108,73685,23444,13470,36501,14766,18349,11452,65071,90892,10521,39120,15596,22930,38273,73323,63853,12044,28392,33779,19982,74018,44096,16240,12779,21873,72609,13770,26287,23068,75733,50389,27270,53921,61625,14157,19876,19206,12148,9184,14724,14349,27566,39958,45526,27353,13358,10981,24335,80325,13047,31881,14920,30595,9194,10534,14450,18376,14161,24710,19392,11848
81918,55816,35141,29624,30207,48532,26658,42555,43214,27479,110593,41933,32475,30594,77233,445312,451835,48342,43936,95680,25920,127844,51194,505599,28892,40208,23808,482306,49086,366331,452450,30338,113742,18358,42297,37573,436188,49669,107104,73464,59091,29516,453689,38046,28492,414263,62633,48469,113552,481453,288053,30364,39521,205206,392503,439956,99656,46655,32516,47779,468946,57560,34915,442394,455531,140011,38192,95411,452529,32647,457077,426104,25715,27058,40983,58090,419549,70949,433138,30591,28203,27514,31694,39619,31493,62597,45904,27173,24141,31176,53106,41506,52730,51467,422744,29290
908822,111163,75207,91623,84566,120398,96357,74164,75379,84150,1987765,75784,57859,104232,1780401,2225144,2882274,76071,135070,1267154,70297,3486115,100884,3007933,102884,72284,81438,2764819,117640,3369358,2999546,109578,82684,113747,66077,73475,146854,111381,1348998,139144,368113,94552,2638899,56006,82460,1197112,138926,108574,1589615,3230215,2825422,97955,90359,1144771,107249,3003102,2084640,124918,96185,770516,3165921,116487,76534,267929,816875,2148800,100173,2533789,2588737,84534,105044,122442,97413,83422,121883,127316,373497,1664172,1417385,98026,96548,75919,107168,67596,97153,1019051,94977,75227,71748,76753,132577,434046,112185,101180,109111,95229
60865,74547,15521,18844,14688,73890,29055,14101,13305,39438,83007,13842,10624,31422,73360,93502,98663,14246,50759,80718,17760,102141,60287,105716,27952,15642,39330,102495,57895,111947,104932,7410,109570,30333,12332,15456,68770,61507,59072,33167,62574,28608,103073,11172,14630,58589,33143,49687,71062,107445,100824,44730,28295,81160,83216,113199,91905,60372,22300,51838,120950,54612,22304,57547,48377,81240,63124,94911,110598,62659,46265,56065,19355,17730,81623,61388,35053,87732,89694,24538,19260,15560,56953,14948,23609,89392,63595,19065,13086,14490,33270,77363,63131,46745,50806,29717
955363,108134,82733,98432,86533,118655,103979,78628,83152,90468,1950999,82262,66152,104393,1716918,2583272,2833630,79769,133508,1261323,73754,3396034,102829,3455748,103425,78262,87648,3129118,114688,3340579,91306,104908,2993394,451381,70801,79615,506608,118542,1342598,152430,430505,100354,2752653,61217,90293,1563838,148440,114733,1538957,3441205,2733716,105600,85071,1253967,467389,3159711,2015451,114930,102060,666599,3374733,115285,84831,691878,1187416,2004467,107010,2218922,2654229,90282,455098,482258,102731,85945,135088,124874,806798,1524029,1653317,89083,103300,84070,99200,71444,90848,1097697,103657,85598,77620,83490,137178,422172,112240,108974,449752,102612
923906,113376,81933,97039,91758,120056,104914,78969,85512,94640,1986356,82143,64541,113451,1979915,2440675,3058068,88991,136645,1256632,75780,3725068,101901,3522964,118799,81319,88002,3077563,124031,102744,3346924,111919,3365250,365553,70225,86053,389269,117375,1352188,159406,396461,105800,2969077,64171,93908,1459161,158593,120385,1539174,3658015,3078807,110263,91339,1240700,356166,3396766,2267091,120337,99797,636377,3697778,119843,87448,571890,1086102,2444350,107157,2617208,2987569,95071,349673,363761,107121,87700,137278,130372,654200,1804251,1846685,98447,105790,87358,109259,80126,95715,1105173,105126,92716,82873,86407,137308,391820,115253,110693,352956,106455
53441,88979,17451,19392,17818,103179,19887,15581,16955,38161,84755,15553,11963,21754,73597,100325,116616,14362,31381,69662,13280,117179,93243,113953,20600,17266,26122,103641,6352,124033,114684,57880,117694,49078,13870,16640,35856,93297,94171,28555,110529,19144,106525,12079,16244,73629,27611,90865,76819,121666,106196,20726,26335,53009,83461,121671,105975,92351,26270,61882,122309,78585,15707,71993,52871,90904,29957,94888,110470,18546,52472,56493,19583,17306,39205,114836,72405,106796,84550,28488,20402,19968,74108,17309,37918,74572,81461,21119,18833,15395,24909,77538,159104,93393,45736,24862
1042863,100378,72754,88503,82903,104703,104903,74220,77562,83278,1851600,78607,58820,100763,1727199,2575577,2658125,75146,128574,1250277,66547,3024562,87058,2925659,103258,71805,81449,89354,103647,3075694,3133991,102434,2762516,481640,61871,74723,525774,115715,1349821,154417,476517,92544,2602612,53803,79724,1637111,151031,104463,1530546,3252439,2542010,100611,80428,1215809,462282,3020406,1620907,111242,92824,600381,3166817,106950,76608,507391,1121943,1658075,96361,2118747,2457624,100187,446745,489164,95720,81154,127477,111458,809748,1180887,1434244,86019,97278,80258,100265,64655,84668,1274037,89318,82728,70249,78756,141242,399481,100642,96924,478490,92438
54890,28864,23169,58681,12738,26170,73300,16046,11759,21879,62211,11856,12809,73188,92355,90386,78914,12936,19479,50845,14665,83642,28177,92935,72729,11417,7076,81445,26120,88015,87683,39324,81418,23807,13870,9748,29807,24976,57031,20298,32319,76025,86141,13854,11127,52252,22780,25781,53580,90448,84913,71085,12217,51471,37148,90691,70932,32625,52871,55640,91206,31350,57777,32619,37872,61839,14066,69771,79670,16259,22091,38104,85544,12620,18370,26119,76787,61535,51805,13043,61666,12130,24728,11292,33901,42085,50842,15388,11527,11205,19484,42919,27541,25610,38837,72540
32924,15354,28746,12307,14467,16170,14456,90183,85195,15296,54444,84807,46935,19105,48152,69882,70485,86925,15856,41605,12006,74267,12671,78692,14463,6782,11418,71835,17270,81465,78254,15642,72287,40213,84025,87018,24037,13238,42177,19667,21839,13345,74009,82764,13377,41320,16473,25883,48189,87326,76175,14066,28085,39418,21312,75021,52767,13812,15913,29242,80689,13877,25951,24824,76471,55221,31851,64989,68573,15894,21004,23036,16642,15897,17359,14628,30411,47603,45036,29260,14565,13988,24994,89948,13337,36042,11148,39787,11595,14057,17981,23819,14908,26269,21803,16308
58419,20314,49040,27628,14322,20755,30600,15170,15324,15094,79783,15212,13900,152544,105832,107193,104134,15850,23699,66436,12532,102624,19847,113123,7600,14462,72730,103239,20601,118778,103417,27957,102887,28893,11533,12970,33138,19793,78991,23799,25956,140686,103202,11431,13404,87599,22251,20654,65314,113673,106829,34860,14174,66219,27851,111298,70556,25037,78805,52235,116024,23213,102308,29609,44611,82725,16235,90621,96803,15706,27184,32421,39890,13476,23293,24778,43788,58684,58978,15293,20569,14274,25625,13302,38593,62025,41885,15078,15339,13997,24692,36199,20078,19426,51674,147775
1037524,112940,83120,98101,86043,114955,103895,80707,77390,91022,1623542,81756,65249,110087,1527400,2363214,3175289,83256,131141,1094944,71634,3325505,92189,99290,113134,78662,92942,2926544,114019,3522121,3453039,105746,3006830,505718,67539,81216,537746,104959,1342093,155104,464701,104701,2864883,58460,84334,1530456,148622,111587,1206528,3535844,2818638,100289,84985,938884,481412,3322632,2070572,116335,111223,359810,3534566,109918,81067,673631,957543,2357813,106400,2550008,3043683,94449,501161,532857,104540,86563,135762,123700,853950,1553015,2039692,91934,103766,88542,103750,72314,92646,1108138,95336,86815,75943,83262,128536,368283,112298,105833,522749,103893
42684,93979,17874,30723,13015,104293,17563,13449,12195,34599,66871,12281,14750,20359,58860,85073,103641,12756,28824,58579,16798,89490,5096,92202,19845,12670,28175,87059,93249,101957,102833,60286,100865,51200,15654,10741,34440,95336,74929,23293,101176,22816,86407,15768,12833,61965,24848,83420,54956,95307,87059,36348,29382,47800,71357,95894,89805,84859,29422,60967,100358,75682,16748,94316,49060,74545,34706,97573,82625,14411,44618,54118,25695,11849,22105,103342,63625,94852,78680,26691,25486,13488,57068,10582,25570,67693,81643,15020,11737,11583,30544,77404,107923,85204,28961,18832
1031706,106528,78268,92487,95813,116386,102208,76993,79440,105414,2191353,77214,70052,106679,1892819,2427217,2937910,77142,136694,1343692,78141,102662,89472,3322235,102580,74208,83634,3024606,117142,3725726,3394947,101962,3482055,127879,66290,81307,182633,107836,1468278,148017,435780,98943,2835701,56810,94352,1287529,144723,116091,1740162,3570931,3110609,99356,89743,1236279,128739,3314668,2302272,117791,98395,724091,3510610,111080,78980,295301,913552,2375425,106345,2768003,2837620,93287,117655,135840,100894,93544,126819,117908,440566,1872897,1593994,91063,101970,97246,96614,74168,86956,1112933,96745,95423,90662,104500,134880,433253,107248,106173,121770,105204
41379,15021,27129,15395,96358,13940,13052,11741,14842,70001,59214,14078,51633,12174,44084,61095,64068,12360,23792,38530,5458,78150,16795,71637,12533,12010,14673,66565,13280,75770,73752,17757,70319,25915,15066,10005,22502,13067,39092,17413,20302,12637,69830,16460,91992,52688,19051,15272,42114,73196,63634,13497,32033,35027,20723,73473,46462,14920,18023,24140,77389,27921,14370,22076,35530,52046,24944,57083,63883,34126,48721,20548,15092,88146,24703,15317,27628,42754,48558,55357,13232,93777,12614,13358,54207,34546,14993,56579,82946,88242,16060,21789,14505,14419,34572,13741
385847,74067,47808,54444,45547,64544,54711,40019,41677,52233,1204249,38920,32503,65052,1191916,1247398,886355,38069,121116,39934,38531,1344616,58581,1094974,66416,41611,50842,1252020,69636,1259514,1262280,80720,1267186,95730,34793,39791,131083,61336,901105,134703,75915,61372,1121313,30782,43125,803421,116064,67591,1011321,1285765,1172965,61466,41422,690499,97250,1212022,474213,70945,58652,424939,1375136,71257,42330,93727,512587,687798,57204,1013477,891119,58515,80276,110186,59795,40851,93993,68263,90184,446241,202611,46235,56628,50451,59886,37960,50054,632268,57922,46813,49174,45550,90969,380366,62596,64722,89792,68471
142595,37680,17678,22745,17645,29483,23178,16820,16562,22072,110066,16951,13365,23779,92070,120092,117649,17303,8920,121029,23865,136646,28821,131219,23689,15795,19482,128570,31359,136631,133529,50751,135104,43931,15490,13691,73030,27495,76998,102888,46406,21786,137455,16595,19929,81032,116305,25114,108615,135707,120344,23189,45957,130814,49865,138825,95766,49877,31210,48668,143404,29393,18202,51381,57374,123295,47145,123875,120147,33832,43213,92730,22486,16529,158268,36314,48234,99542,86803,29674,27124,18416,27216,14884,26125,84134,25450,26280,17737,19061,74707,43819,29725,23664,50463,23545
39680,15568,30373,14695,13960,14395,13601,92799,88179,14510,53405,85320,48205,13869,50520,71032,70969,6924,17302,38059,12359,77162,12753,83247,15858,86908,12932,75152,14368,89020,79796,14242,76093,48347,85690,79729,27572,14755,40174,22787,20349,13136,76677,84716,14660,48525,18653,27972,46380,83509,71244,14462,28734,37727,26911,81174,52427,15072,17419,26788,90212,15999,24143,27119,79873,55780,31745,60738,72759,18124,25776,23245,13214,13351,17014,15940,31698,48927,48034,30504,14843,13685,27063,83837,14267,37976,15621,34420,13516,13099,17353,19449,14652,28465,27666,14933
982240,114100,69772,83535,77090,115294,92802,69238,68349,80125,1451845,69433,55718,92577,1292128,2085386,76482,70984,117642,884815,64069,2938473,103627,3171064,104152,70476,78913,2660906,116607,3063587,2837050,98646,2882833,452973,65003,70697,514961,108413,1387789,138355,487358,93828,2445658,53080,74018,1545910,133298,110359,998795,3053939,2372905,94906,86226,691781,455377,2785421,1513577,115457,87602,111646,3008551,109424,73704,694196,657129,2142388,88535,2279911,2725817,78655,454723,469542,91320,76769,123569,122176,785244,1170999,1771966,78884,92541,73930,93172,64946,81058,1118053,97745,78804,66762,73506,118472,96874,113880,126978,449802,89241
931951,100216,67832,82259,72983,98484,85513,68590,67306,73876,1894804,61897,52611,103817,1753361,72414,2085334,71018,120070,1247488,61087,2429380,85063,2365590,107186,70025,90396,2577389,100346,2438940,2585027,93481,2227014,445225,57722,61990,489615,94014,1390659,136458,394891,99006,2364353,52020,71810,1533481,128109,99969,1563594,2985867,2099752,90382,71749,1254307,419420,2445457,1081294,102227,95067,616156,2708814,101260,84096,486760,1123680,1148980,89024,1618510,1794691,74769,421451,476008,101503,68964,122764,109605,734901,1121313,851168,75707,90500,69348,88127,63025,88974,1076847,85282,67022,66686,71641,117682,390937,96566,96846,480108,98512
453202,77619,48750,64813,52170,77478,68831,51712,46135,53687,1694727,46070,37922,109643,51898,1750450,1291828,50519,92056,1189375,44085,1893084,58861,1525388,105850,48045,92360,1729309,73638,1979905,1719257,73355,1781940,77261,42821,53934,110001,67666,1235501,97279,79873,99915,1623592,36750,51420,1127109,100985,82963,1350681,1760181,1767773,68797,51187,967887,84036,1637034,563389,72227,100904,520486,1771671,82888,79055,84428,523389,995319,63761,1472248,1276519,61641,68953,86334,88265,54412,88775,89494,89118,661483,200180,65683,69780,50959,70768,46451,78560,679435,79471,48758,50988,50725,125618,377291,64897,70547,69861,103145
54194,20263,46613,25619,15569,20810,28483,13967,14241,16844,78126,15206,9973,7646,109615,103825,92575,13872,23775,65021,12171,106731,20360,110067,152523,19108,73192,100738,21752,113417,104445,31424,104255,30602,12601,15571,29896,20725,78369,27113,25166,137656,105919,13108,13150,89457,23929,18923,63663,109458,107787,33341,14716,62647,27408,110200,66998,24787,80844,50180,116021,22927,98842,30731,43077,77734,17839,90477,94360,14313,25578,37210,39957,18862,24110,19857,43591,60363,57706,16768,18298,15444,24968,14910,36962,57951,39427,18977,15009,16475,22561,37355,18709,19045,52952,150194
28840,12504,27601,12984,45911,11557,14174,47072,48152,42624,46906,46262,4990,9973,37919,52606,55716,48205,13363,32503,51629,70057,14750,65244,13893,46934,12804,58818,11965,64544,66143,10625,57855,32470,52116,38750,21362,11814,32450,14532,16370,11241,66737,53086,44810,36917,14419,13570,34272,63079,59907,10652,23896,30541,18294,62335,40771,12529,14699,21356,66657,27712,23037,20321,53475,42278,25247,46653,56878,17862,23057,18595,12499,43534,14071,16868,25818,35540,39942,14474,11114,45985,23306,49056,16894,26878,12956,54928,41030,45936,13322,16355,13491,12952,19170,10260
36028,18566,31489,13580,16330,14177,14083,89026,91179,14648,53103,7364,46266,15206,46071,61874,69416,85322,16949,38921,14072,77208,12281,81790,15210,84801,11858,78605,15557,82181,82313,13839,75811,41973,84669,80478,28565,16995,43752,18916,21775,16429,82066,83206,14533,43524,17978,24208,42880,79832,75775,16023,28033,37593,22209,84202,51280,15381,15754,34029,89422,18017,23834,27608,78192,54149,30807,64274,73107,25926,25517,23669,14830,13129,17328,15683,30912,49986,47628,31989,13247,14621,25240,87569,15998,37312,12488,33299,16771,15882,17791,19604,18432,27144,25409,14650
458078,86535,60146,70132,67064,89576,72760,51626,56547,69617,57804,53093,46909,78135,1694876,1898486,1451125,53390,110039,1203890,59206,2191390,66877,1623282,79787,54446,62207,1850136,84760,1986336,1951306,82991,1987815,110634,46142,53818,130197,77410,1256487,122319,86575,77225,1801094,45104,68807,1132379,126459,92710,1490276,2017522,1888827,77386,59666,1086957,89357,1999266,788670,87542,74378,611131,1946758,90425,53432,167594,650189,1149718,77720,1476354,1429349,69524,79724,106207,74754,66102,97961,94006,95749,971889,304458,69621,77624,66047,75929,49783,64091,692549,67891,73110,61878,66431,121626,383356,73866,84937,78611,75187
45250,43328,21746,15473,81149,38709,17495,13420,13332,5684,69533,14655,42603,16846,53706,73873,80119,14512,22074,52243,69995,105399,34609,91048,15091,15291,21879,83279,38157,94915,90471,39431,84153,27480,12952,12141,28453,37589,47348,22763,44447,15294,85583,10379,76879,67529,20546,43564,53793,89991,78768,16819,39306,44313,70060,92079,76357,36559,15076,30483,103921,53126,12731,57235,44367,61189,13183,70607,77456,21753,30097,38629,17553,77960,20212,45142,32095,69483,61167,35981,24128,76076,39964,11992,41587,44305,35182,55092,69927,79976,21549,47734,39137,38896,26818,16116
38675,18255,29460,13947,17522,14145,12975,98633,6770,13329,56551,91200,48154,14237,46149,67284,68318,88207,16571,41628,14843,79447,12188,77379,15317,85197,11761,77827,16956,85584,83151,13303,75406,43197,85541,81891,24232,14489,41628,16502,21605,13134,74974,86351,14577,43689,17046,25305,44638,80598,73646,14854,28292,38843,21402,85957,51064,14917,15266,26810,92168,14606,22447,26340,77206,58554,28440,62676,72444,16180,23032,22010,18080,12313,16793,16218,30951,46658,44274,31202,14689,13273,26400,101017,13870,38062,11940,33503,16370,13568,17046,26814,15223,24959,23006,14137
35608,14893,31454,13162,14092,16397,14408,6788,98948,13438,51539,89004,47065,13960,51709,68589,69240,92805,16925,40011,11742,76989,13446,80694,15169,90174,16043,74228,15584,78972,78639,14105,74258,42552,87085,79377,27147,14150,40379,18204,20300,14462,72456,85604,14892,46152,19174,25819,46313,82231,71629,14885,28714,42182,24791,99354,51969,15161,17506,26020,85303,15801,25944,24791,74032,52415,29754,57995,116672,18975,26362,21953,14821,11193,17419,15972,30996,43761,44860,30466,14553,12633,26953,101848,13763,34889,13091,32913,11883,13704,16681,20042,16150,27453,22779,13735
45311,22408,48155,133563,16100,20345,10246,14411,12978,17490,72749,14086,14169,28478,68837,85500,92794,13599,23177,54708,13042,102185,17563,103868,30600,14452,73296,104925,19884,104897,103978,29036,96353,26652,12452,16682,31618,21629,63017,23147,27801,35923,94836,11226,15282,70568,22818,19391,61946,101880,96406,139951,35963,51875,27711,103777,58979,28074,23800,94166,108972,22141,22919,47369,41623,79022,31780,91318,87783,30858,25751,40180,120009,13914,22706,25347,118028,55038,55681,15830,140375,16398,40209,12093,19775,49939,25720,13459,13647,15518,37168,39010,21446,19542,43409,28383
54890,96808,17200,20605,15107,5036,20349,16388,14143,38711,89587,14212,11556,20804,77469,98483,115273,14397,29480,64611,13940,116437,104282,114908,20766,16168,26164,104678,103174,120066,118679,73869,120518,48526,13670,15684,35145,157644,94361,28478,106641,19248,109734,11991,15492,103359,26844,97566,67578,113188,117757,18907,25955,60507,76911,110506,105699,91004,26285,55689,121304,86868,14207,72741,52688,90974,72873,98467,105745,24091,43836,57323,19575,17753,24113,117553,63202,104051,81435,34649,19931,14931,74340,14967,26799,77110,83063,19889,12993,15685,26031,86573,99876,96298,30861,19662
40959,16903,23278,14223,5854,15107,16098,14088,17519,81143,67052,16326,45906,15567,52156,72983,77088,13958,17645,45578,96346,95807,13013,86039,14322,14465,12738,82821,17819,91719,86536,14683,84568,30201,10655,12628,27867,14846,47081,19949,24846,17101,84750,10219,101830,60353,18642,19878,54068,89559,77420,15553,36532,39969,23473,90773,54270,21713,21962,29387,92813,30472,11090,26605,38316,60531,20244,63436,77718,42319,59028,26185,19837,102801,20191,18280,33296,51258,59651,64003,17327,102243,15592,18988,66859,38764,13361,59182,93168,98390,17097,27285,14837,15607,42894,13553
40584,20462,53815,9476,14221,20603,133609,13170,13954,15478,70132,13579,12984,25616,64805,82264,83535,14689,22743,54434,15394,92487,30727,98106,27641,12305,58681,88513,19390,97037,98438,18845,91605,29616,14235,10960,31728,26212,61518,22693,26668,34795,89008,13492,12068,65853,22812,21442,60983,95507,87373,125016,35065,49585,27860,95993,55558,22027,23921,90343,98240,29152,25220,51213,42420,75847,37413,89625,84062,30461,25527,35805,117882,11690,22299,21169,105449,53885,52560,17983,139656,13472,39578,11286,16009,48694,19831,11872,12638,13429,43906,39907,27281,20446,51268,25887
38814,16200,6864,53805,23277,17202,48160,31446,29464,21748,60147,31469,27604,46608,48752,67836,69795,30369,17668,47830,27129,78263,17876,83052,49046,28755,23167,72756,17445,81933,82733,15505,75199,35142,34805,21764,28476,17485,55682,21817,22206,41705,72635,38466,23703,80664,19797,16444,47048,81270,73260,53264,36410,39007,23293,83338,56218,24825,45491,39992,82031,21083,36311,40627,58741,62650,33691,69198,70555,29542,26544,29577,30079,21995,37540,17813,34124,48284,49798,15724,49890,22899,35734,27569,15951,36334,18107,40985,21566,20393,32018,33125,18597,18213,27023,47151
58126,5576,16202,20462,16910,96841,22415,14893,18262,43327,86510,18564,12504,20246,77596,100221,114038,15569,37684,74047,15023,106521,93985,112951,20290,15354,28852,100385,88983,113364,108145,74550,111201,55801,14494,17057,37999,82111,77835,28114,132751,22595,103969,13059,16701,62839,28147,91049,65394,112078,106612,18733,27498,76187,102272,119528,113646,91816,25667,51700,116625,99159,16914,79425,51518,93477,30801,92355,96038,40947,62093,57311,20577,15189,47009,108433,52494,97339,81242,35674,20385,15294,72209,16177,28347,91575,71984,18945,19910,15014,25261,87891,87071,84511,49256,24153
31444,58133,38741,40586,40967,54878,45358,35527,38619,45245,458056,36004,28840,54176,453130,931771,983983,39621,142566,386308,41366,1031803,42679,1035540,58424,32918,54660,1044185,53406,925958,956030,60844,909422,81902,32069,37480,110088,52289,452407,148361,497543,53665,884897,26030,35969,490560,131018,50861,455311,989712,516783,57980,53433,239597,80793,961607,553806,62314,72340,64166,1034980,55107,36485,80001,273699,479872,64661,519148,586173,48951,83615,109548,50832,69023,111958,56794,519242,658499,531791,41533,44247,36893,55183,29929,48753,797348,49224,36374,34796,40012,124743,58275,48759,51842,79404,46822
