10913575,7220361,6850861,8961608,7137052,9487130,8900655,6724497,10439430,10433070,7293859,5850269,6916546,6865104,6382350,7434886,6255790,5227984,8207236,6776277,12351913,3628972,6296182,5416323,5613224,6564075,7400730,6102070,8755042,8818663,5827391,3403145,5105136,5586309,9668035,8963102,5634266,6024323,10271820,6566239,8716775,7249769,6550706,5892829,6094353,7808751,6848992,5983455,8718404,6878569,7696092,8419843,8374558,8292011,7107412,7559874,7448947,7115240,8771884,8783606,10303251,7945144,11289722,0
13922769,8112360,7231270,10501538,8365840,11634901,10189260,7715322,11158170,10130408,8076266,6294132,7922714,6432705,7084628,7851037,6679503,5619020,8686821,7182715,15643927,3440548,6470565,5678937,5187491,6778532,6812027,6258992,7768690,8361348,5714665,3160725,5237503,5380229,9282687,9065299,5189446,6144293,10885685,6546345,9074818,6454169,6968882,6313952,6298687,8955756,7032507,5722513,9136365,7352662,9198824,10234671,9473161,8857243,7806883,9365529,8519847,7981079,10272014,9792678,13050771,9024526,0,11289722
15595916,8304594,6757264,12874162,7581616,14093487,9277229,6992729,8879205,8478562,11082283,5303608,8932164,5703003,5958799,7652264,6002328,4243755,7424063,7610864,14352657,3131387,6015593,4338953,4822844,6680081,5526502,5409897,6102397,6141302,6499042,2864209,4656974,4542753,7279520,7960163,4294460,7350077,8070554,5985868,7557025,4675019,7326859,4940459,5651521,9598361,9531968,5296997,7636590,6261340,7652729,9389946,11203051,8082976,7528923,8424532,7768458,7275665,9058146,9037886,13847743,0,9024526,7945144
24604083,12797682,8425661,18068253,11028702,21185538,14312757,9936463,13702276,11254549,12153514,6234805,11757571,6162510,7248233,9885439,7787878,4509339,9877552,10830259,25871334,3050981,6776719,4709310,5188343,9760897,6347201,6343976,7313948,7723984,7946659,3145141,5102048,4863310,9639580,9963002,4338669,9024857,11851827,7756770,10440844,5317986,11023380,5454835,6629150,13888065,9739029,5688549,10142457,7898568,10834420,14180035,14690674,11650737,10711017,12748244,11532865,10069994,14245123,13221639,0,13847743,13050771,10303251
13345952,8288692,6969881,11033046,7666637,11605294,10280236,7407286,10220745,9084325,8315826,5776647,7846863,7156227,6485857,7423132,6621888,4774315,9054199,7249153,15154517,3490337,6219335,5062294,5289484,6868642,6627914,5981303,6981739,7759704,5903135,3250590,5191726,5234330,8465103,9663507,5472830,6164074,9430122,6245412,8471028,5780646,7128910,5429983,6058458,8947382,7110552,5704501,10081176,6684361,8203942,9571345,9339768,9509355,7721114,9406828,8802685,8296049,10287156,0,13221639,9037886,9792678,8783606
14170705,8349151,7957333,11599136,9992901,12313517,10061895,7488347,10064773,9453791,8312483,5736770,8590213,5809615,6287533,9869375,7382363,4482062,8002105,7623539,16057220,3221960,7964593,4572219,5755087,6714851,6459388,6445427,6362259,7505953,5405095,3573402,5932724,5477745,7762174,8500209,4402797,6168875,9946369,6838432,7895034,5305578,7363029,4988242,6978480,9046156,7119049,5833516,8481303,6462445,8203086,9949360,9664421,8957451,7763999,9606923,9077980,8541184,0,10287156,14245123,9058146,10272014,8771884
10301456,6865814,8603671,8621506,6624172,9102409,8187806,6188801,7857313,7385692,6787068,5557749,7152644,5535035,6332712,7244378,7926410,4491437,7033449,6305656,12089450,4824704,6882212,4713790,5967050,5955596,5720473,7387447,5829323,6105588,5076511,3794328,6074911,5563262,6874349,7229821,4272707,5601209,7565425,6333331,6836371,4734236,6111470,4969481,6938547,7232428,6130120,7762326,7151146,5813698,6838154,8505006,7597288,7158372,6646438,7739111,7981637,0,8541184,8296049,10069994,7275665,7981079,7115240
11794429,7493797,6110244,9626958,6936378,10359548,8771642,8613645,8496893,7575221,7338467,5857316,7518484,5122137,6388660,6839977,5950645,5247271,7003985,6895005,13277404,2901729,5374390,4892958,4380316,5793258,5271039,5056681,5612308,6229301,5353445,2638813,4637856,4383836,6823546,7139740,3902751,5320431,8215212,5787189,7458391,4488482,6204694,5007003,5403871,7802251,6280695,5052210,7097152,7312786,8631839,9942541,8321337,7865649,8499397,9556078,0,7981637,9077980,8802685,11532865,7768458,8519847,7448947
12756530,8113988,6387782,10447008,7615276,11202537,9128350,8588389,9187354,7996722,7734182,6566224,7547236,5388892,7167727,7043885,5928656,4628743,7440359,7004603,14315221,2819658,5542220,5132352,4515952,6565248,5357036,5204570,5869118,6240027,5560609,2659398,4356809,4489483,7142685,7539899,4076596,5737993,8342700,6693949,7966261,4604959,6488387,5705893,5289206,8844213,6553703,4909095,7463515,8231109,9354410,10352085,9053874,7971137,9320019,0,9556078,7739111,9606923,9406828,12748244,8424532,9365529,7559874
10678009,7056488,6162771,8877843,6819786,9374582,8096324,8083980,7737946,7103377,6869357,6489817,7497586,5417780,6971371,6624594,5637527,4636927,6905517,7013879,11904843,2871705,5447293,5346522,4506522,6094683,5372579,5051727,5611570,6206374,5845862,2724548,4388084,4517157,6654744,7058033,4209795,5806786,7642550,6648204,7692968,4763164,6598748,5976642,5270860,7614313,6148114,4955132,7272225,7626672,8222924,9251415,7725951,8055125,0,9320019,8499397,6646438,7763999,7721114,10711017,7528923,7806883,7107412
11736144,7815610,6680613,9661449,7358177,10328680,9317921,7300654,8831758,8158248,7296234,5638293,7594270,6750787,6168980,7176627,6231595,4884921,8386109,7886075,13251608,3380217,6106027,4852842,5108227,6228689,6337298,5851251,6447556,7246166,6619881,3254698,5105206,5092822,7989546,8925613,5463016,6121845,8937791,6352174,7783969,5655195,7287014,5210830,5943845,7987543,6571490,5602068,10372787,6976671,8017331,8753793,8637663,0,8055125,7971137,7865649,7158372,8957451,9509355,11650737,8082976,8857243,8292011
16213791,9257817,6622966,13240820,7972280,14967723,9802916,7481714,9629149,8938522,9991580,5441448,8799668,5512784,6175827,7531809,6043827,4040666,7678506,8093383,16038022,2838318,5909379,4193646,4478488,7297050,5510486,5253322,5946187,6528500,6040933,2633998,4317579,4381239,7725010,7798904,4216200,6238796,9060574,5837961,8089647,4672882,8569265,4689891,5596425,10412804,8899314,4978042,7989738,6933655,8590171,10640570,0,8637663,7725951,9053874,8321337,7597288,9664421,9339768,14690674,11203051,9473161,8374558
14376039,8397233,6804159,11810048,8037451,12672122,9954130,8436762,9933252,8730172,8470806,6580643,8580482,5804574,7773004,7561384,6573630,5285247,8063017,7421308,16075980,3147246,5777173,5583846,4765602,6468649,5791675,5540409,6294553,7035867,5537331,2801451,4915947,4572458,7916296,8083179,4284720,5879773,9494538,6513905,8451847,4928963,7045672,5925312,5961178,9815852,7052195,5425760,8278808,7669830,9475875,0,10640570,8753793,9251415,10352085,9942541,8505006,9949360,9571345,14180035,9389946,10234671,8419843
11271278,7355598,6343148,9446496,7125660,9810994,8499215,7969042,8458103,7577517,7113598,6565894,7183441,5437018,6715002,6749447,5696435,5608999,6985789,7065662,12786660,2877802,5486785,5733935,4538142,5951012,5495554,5193463,5915669,6354822,5657176,2811962,4449790,4530190,7010865,7295008,4210821,5448838,8101751,6314881,7744751,4835846,6325303,5835947,5213962,8005699,6269249,4943439,7193527,8966743,0,9475875,8590171,8017331,8222924,9354410,8631839,6838154,8203086,8203942,10834420,7652729,9198824,7696092
8371847,6112788,5656612,7006623,5934054,7200346,6601932,7615005,6596738,6716653,5773472,6230360,6159772,5419527,6383295,5765060,5159614,5000687,6546716,6235698,9562520,2971422,5307678,5272909,4493708,5760752,5429955,5023383,5591614,5881171,5645840,2858533,4234769,4874048,6439588,6856372,4430506,5185382,6616346,6417001,6998498,4708629,6036761,5940712,5042825,6752569,5519397,5024299,6604539,0,8966743,7669830,6933655,6976671,7626672,8231109,7312786,5813698,6462445,6684361,7898568,6261340,7352662,6878569
10658854,7442128,6719430,8855046,7119417,9217316,9094346,6745706,8821683,8584032,7032780,5901599,7128485,7759366,6336065,6834325,6302539,5137475,9181417,6856654,12192343,3807889,6227984,5378803,5527059,6745483,7075424,6038482,6935062,8041186,5926543,3515773,5386652,5512475,8421438,10144205,6125688,6000365,9401463,6311429,8165680,6337080,6759423,5722251,6169822,7671899,6768347,5931496,0,6604539,7193527,8278808,7989738,10372787,7272225,7463515,7097152,7151146,8481303,10081176,10142457,7636590,9136365,8718404
5813276,4972784,7582459,5225107,5085197,5286582,5658985,4630005,5368526,5749017,4732854,5275922,5310366,5335934,5349475,5919338,6778582,4452406,6046378,4982497,6761719,5030112,5670498,4562374,6882164,5219690,6198215,8604125,5325156,5557677,4707570,4281952,6619587,5735020,5808735,6368397,4439630,4799970,5776511,5565614,5324980,4904642,4992537,5199713,8615010,4943069,4998669,0,5931496,5024299,4943439,5425760,4978042,5602068,4955132,4909095,5052210,7762326,5833516,5704501,5688549,5296997,5722513,5983455
11876109,6695324,5734980,9302093,6480847,10616372,7313461,5826800,6923082,7165111,8985901,4907821,6875955,5464936,5415110,6304887,5315221,4136326,6500077,6330463,10279609,2898821,5603807,4259658,4511894,6334793,5420387,4943772,5571261,5804606,6343079,2724400,4384359,4446707,6440219,7325636,4250335,6840974,6799119,5514321,6491291,4707710,6682887,5082488,5329802,7101680,0,4998669,6768347,5519397,6269249,7052195,8899314,6571490,6148114,6553703,6280695,6130120,7119049,7110552,9739029,9531968,7032507,6848992
13401442,9385807,6821707,12011292,7714842,11844230,9166742,7387589,9151034,8237229,9061127,5166762,9481559,5487533,6132894,7548705,5920482,4142008,7458635,8752579,14721595,2919632,5549904,4249841,4789347,8416985,5508561,5516396,6006162,6321800,6627138,2675514,4486796,4343134,7521727,7672377,4015906,7043704,8402514,6584541,7927787,4715743,8340620,4972141,5490567,0,7101680,4943069,7671899,6752569,8005699,9815852,10412804,7987543,7614313,8844213,7802251,7232428,9046156,8947382,13888065,9598361,8955756,7808751
6860448,5391468,6728414,5893015,5914593,6096932,6123995,4954109,5901256,6035243,5049519,5219868,5218889,5220789,5405952,6566800,6142595,4278390,6216935,5342718,7670910,4303212,6242019,4437443,5893848,5402919,6034289,7970383,5312682,5675975,4914415,3841744,6508186,6344589,5849069,6504037,4357877,4774734,6060768,5825890,5620793,4996336,5392413,5060278,0,5490567,5329802,8615010,6169822,5042825,5213962,5961178,5596425,5943845,5270860,5289206,5403871,6938547,6978480,6058458,6629150,5651521,6298687,6094353
5907780,5330556,4818448,5402965,4538352,5147688,5363120,5200207,5173517,5520897,4685786,7010844,4823846,5166098,6199210,4752832,4600799,6080792,5538433,4781885,6451085,2917778,4874750,7042106,4507111,5229112,5467079,4679366,5015400,5375412,4608225,2714917,4344418,4565581,5414249,6428426,4250398,4537965,5339050,5236459,5209412,4732839,4809249,0,5060278,4972141,5082488,5199713,5722251,5940712,5835947,5925312,4689891,5210830,5976642,5705893,5007003,4969481,4988242,5429983,5454835,4940459,6313952,5892829
9279770,8549085,5753558,8389147,6249377,8904533,7248359,5869421,6876391,6796794,6883543,5370057,8595960,5691849,5842674,6152981,5458855,4232970,6563113,9004542,9989823,2983493,5441357,4400958,4589698,9747904,5359619,4984194,5481185,5771816,6912300,3117074,4471311,4603344,6920460,6909507,4511621,7343213,6791375,6694244,6521524,4810729,0,4809249,5392413,8340620,6682887,4992537,6759423,6036761,6325303,7045672,8569265,7287014,6598748,6488387,6204694,6111470,7363029,7128910,11023380,7326859,6968882,6550706
5532016,4631973,4778709,5193350,4697690,4894776,5661214,4384767,6481177,6944974,4448213,4526972,4621477,5218341,4665759,4581777,4544383,4227878,5692430,4568325,6619881,3136761,4771312,4376335,4451697,4746459,5974439,4629158,6601023,6611968,4245816,2766778,4195053,4446593,6697826,6682988,4781751,4333462,6915333,4764823,6156059,0,4810729,4732839,4996336,4715743,4707710,4904642,6337080,4708629,4835846,4928963,4672882,5655195,4763164,4604959,4488482,4734236,5305578,5780646,5317986,4675019,6454169,7249769
10758081,7358993,6676013,8930648,6951846,9487034,8508992,7251348,9156366,8534930,7041602,5537354,7099668,6148697,6370215,6861630,5884125,4589918,7707054,6539237,12694956,3224990,5818391,4684765,5319985,6509505,6674849,5700317,7181922,6721733,5566415,2996363,4692375,4928701,8183119,7833729,4676364,5775234,10226472,5977502,0,6156059,6521524,5209412,5620793,7927787,6491291,5324980,8165680,6998498,7744751,8451847,8089647,7783969,7692968,7966261,7458391,6836371,7895034,8471028,10440844,7557025,9074818,8716775
7230545,6205617,6595676,6360535,6499836,6496860,6300843,5893150,6157918,6479529,5540556,5242574,6754881,5659272,6266309,6951263,6275065,4861972,6277611,6128154,8049841,3311838,7100185,4696327,5487219,6890828,5617591,5210256,5588308,5785596,5872450,3374958,5117071,5859956,6236056,6985716,4690576,6973471,6173425,0,5977502,4764823,6694244,5236459,5825890,6584541,5514321,5565614,6311429,6417001,6314881,6513905,5837961,6352174,6648204,6693949,5787189,6333331,6838432,6245412,7756770,5985868,6546345,6566239
12538917,7869427,7054687,9893212,8273168,10750736,9262599,7214312,10952188,10463021,7730267,6077991,7366887,6365399,6322172,7590352,7027234,5182940,8391500,7035947,14249067,3419349,6765789,5343412,5427020,6525298,7481904,5972451,7939992,8225680,5576078,3297965,5146617,5022464,9340511,8633205,5101222,6024677,0,6173425,10226472,6915333,6791375,5339050,6060768,8402514,6799119,5776511,9401463,6616346,8101751,9494538,9060574,8937791,7642550,8342700,8215212,7565425,9946369,9430122,11851827,8070554,10885685,10271820
8140084,6197972,5377650,7172110,5467843,7462366,6143071,5080148,5886497,6021063,6783326,4790406,6985805,5117372,5121760,5568617,5041119,3941174,5920998,6990292,8043962,2983060,5228278,4196786,4411819,7320030,5074493,4719761,5366047,5370919,6435721,2998333,4436121,4325101,5982026,6522094,4213915,0,6024677,6973471,5775234,4333462,7343213,4537965,4774734,7043704,6840974,4799970,6000365,5185382,5448838,5879773,6238796,6121845,5806786,5737993,5320431,5601209,6168875,6164074,9024857,7350077,6144293,6024323
4677056,4217991,4377260,4209717,4019771,4209224,4956876,3959391,4936546,5251403,3978179,4362835,4154556,5577856,4525887,4275886,4250146,3870087,5759477,4230041,5302638,3007560,4394532,4114154,4071820,4560795,5136367,4282704,5058083,5329906,4338995,2732529,4010042,4149777,6113619,7083144,0,4213915,5101222,4690576,4676364,4781751,4511621,4250398,4357877,4015906,4250335,4439630,6125688,4430506,4210821,4284720,4216200,5463016,4209795,4076596,3902751,4272707,4402797,5472830,4338669,4294460,5189446,5634266
10522539,7415708,6950639,9207210,7186744,9185471,9113497,6727682,8848601,9020146,7429197,6267709,7240251,8192026,6635075,6958837,6565101,5482839,9219315,6932625,11750753,4064611,6580303,5768014,5870060,7082128,7561899,6334298,7360648,8365122,6174432,3788297,5682673,5889087,9318162,0,7083144,6522094,8633205,6985716,7833729,6682988,6909507,6428426,6504037,7672377,7325636,6368397,10144205,6856372,7295008,8083179,7798904,8925613,7058033,7539899,7139740,7229821,8500209,9663507,9963002,7960163,9065299,8963102
9870453,7146008,6631378,8235999,6669093,8612752,8438073,6305046,9219729,9171074,6750946,5604556,6767627,6857738,6108904,6519042,6069055,4851747,8040611,6826863,11405189,3507932,6076660,5026103,5164764,6882129,7037644,5719856,7850512,7694962,6015732,3252323,5001055,5378951,0,9318162,6113619,5982026,9340511,6236056,8183119,6697826,6920460,5414249,5849069,7521727,6440219,5808735,8421438,6439588,7010865,7916296,7725010,7989546,6654744,7142685,6823546,6874349,7762174,8465103,9639580,7279520,9282687,9668035
5027874,4471711,5459218,4513648,4836490,4606513,5065558,4193807,4922500,5188139,4209714,4470280,4629424,4826811,4959587,5426621,5441541,4335071,5363158,4525317,5968689,3677750,6221712,5072992,5079204,4846644,5206011,5691855,4975644,5292353,4358595,3746564,6051563,0,5378951,5889087,4149777,4325101,5022464,5859956,4928701,4446593,4603344,4565581,6344589,4343134,4446707,5735020,5512475,4874048,4530190,4572458,4381239,5092822,4517157,4489483,4383836,5563262,5477745,5234330,4863310,4542753,5380229,5586309
5299104,4436051,6012591,4662787,5065313,4678489,4909929,4096749,4814162,5120425,4355089,4756607,4526173,4685209,4540334,6067883,5515933,4209405,5214272,4348532,6182567,3850079,5903782,4691078,5778812,4612925,4854143,6446412,4612902,5124359,4197296,2993267,0,6051563,5001055,5682673,4010042,4436121,5146617,5117071,4692375,4195053,4471311,4344418,6508186,4486796,4384359,6619587,5386652,4234769,4449790,4915947,4317579,5105206,4388084,4356809,4637856,6074911,5932724,5191726,5102048,4656974,5237503,5105136
3018729,2720498,3696821,2759672,3003975,2699137,3174995,2608277,2955958,3288399,2611329,2776688,3141255,3246315,2984941,3409121,3723621,2559431,3576813,3156194,3516004,2830892,3600374,2739446,3347452,3398215,3713763,4205201,3202840,3442643,3079681,0,2993267,3746564,3252323,3788297,2732529,2998333,3297965,3374958,2996363,2766778,3117074,2714917,3841744,2675514,2724400,4281952,3515773,2858533,2811962,2801451,2633998,3254698,2724548,2659398,2638813,3794328,3573402,3250590,3145141,2864209,3160725,3403145
7630020,6258612,5146018,6060951,5160942,6831533,5668171,5310033,5587657,5596023,5940432,4584311,5922222,5242447,4961913,5343354,4713501,4419246,5802457,7838975,7121340,2991199,5313031,4363353,4394549,6934857,5222307,4705154,5307392,5306126,0,3079681,4197296,4358595,6015732,6174432,4338995,6435721,5576078,5872450,5566415,4245816,6912300,4608225,4914415,6627138,6343079,4707570,5926543,5645840,5657176,5537331,6040933,6619881,5845862,5560609,5353445,5076511,5405095,5903135,7946659,6499042,5714665,5827391
8203849,5900428,5998310,7128819,6085615,7177175,7074446,5955371,7899565,8560373,6017979,5495103,6398992,6298623,6127950,5773686,5695381,4957321,7363636,5795970,9765939,3691461,5728185,5370196,5179273,5776909,6499380,5588826,6970647,0,5306126,3442643,5124359,5292353,7694962,8365122,5329906,5370919,8225680,5785596,6721733,6611968,5771816,5375412,5675975,6321800,5804606,5557677,8041186,5881171,6354822,7035867,6528500,7246166,6206374,6240027,6229301,6105588,7505953,7759704,7723984,6141302,8361348,8818663
7709089,5657420,5701693,6749057,5532487,6649744,6939376,5203594,8175977,8204518,5629711,5066154,5657452,5914319,5375218,5666592,5403364,4556436,6871946,5714371,8468817,3293394,5647200,4700808,5142550,5569574,7367498,5752239,0,6970647,5307392,3202840,4612902,4975644,7850512,7360648,5058083,5366047,7939992,5588308,7181922,6601023,5481185,5015400,5312682,6006162,5571261,5325156,6935062,5591614,5915669,6294553,5946187,6447556,5611570,5869118,5612308,5829323,6362259,6981739,7313948,6102397,7768690,8755042
6560403,5098468,7558986,5725878,5618547,5814166,5983072,4856255,5722131,5939675,5015529,5049491,5182451,5240022,5452810,6207256,6353753,4258147,6044295,5047931,8001046,4509053,5904383,4449520,6647415,5092192,6422974,0,5752239,5588826,4705154,4205201,6446412,5691855,5719856,6334298,4282704,4719761,5972451,5210256,5700317,4629158,4984194,4679366,7970383,5516396,4943772,8604125,6038482,5023383,5193463,5540409,5253322,5851251,5051727,5204570,5056681,7387447,6445427,5981303,6343976,5409897,6258992,6102070
6774124,5740645,5919935,6190929,5753770,5840722,6277159,5190663,6983931,7338142,5231130,5561310,5522615,6207310,5490848,5789789,6033971,5174929,6628323,5287416,7599061,3611724,6144378,5159545,5478963,6080981,0,6422974,7367498,6499380,5222307,3713763,4854143,5206011,7037644,7561899,5136367,5074493,7481904,5617591,6674849,5974439,5359619,5467079,6034289,5508561,5420387,6198215,7075424,5429955,5495554,5791675,5510486,6337298,5372579,5357036,5271039,5720473,6459388,6627914,6347201,5526502,6812027,7400730
8151840,8300128,5768902,7546459,5843123,7636983,6716407,5795263,6455650,6639827,6395013,5162250,7826131,5895431,5702158,5916699,5323586,4418740,6537429,8743925,8790966,3115052,5438744,4606875,4737734,0,6080981,5092192,5569574,5776909,6934857,3398215,4612925,4846644,6882129,7082128,4560795,7320030,6525298,6890828,6509505,4746459,9747904,5229112,5402919,8416985,6334793,5219690,6745483,5760752,5951012,6468649,7297050,6228689,6094683,6565248,5793258,5955596,6714851,6868642,9760897,6680081,6778532,6564075
5386232,4470126,7568844,4764456,5006308,4821846,5051127,4229008,5096810,5828699,4408342,4776145,4847458,5005877,4875185,5992196,5952348,4399610,5471362,4563581,6362974,4053233,6765794,4353457,0,4737734,5478963,6647415,5142550,5179273,4394549,3347452,5778812,5079204,5164764,5870060,4071820,4411819,5427020,5487219,5319985,4451697,4589698,4507111,5893848,4789347,4511894,6882164,5527059,4493708,4538142,4765602,4478488,5108227,4506522,4515952,4380316,5967050,5755087,5289484,5188343,4822844,5187491,5613224
5085025,4764731,4453134,4661557,4198309,4428077,4876858,4324449,4716259,5187959,4051320,6874785,4434240,4858828,5865363,4563891,4288411,6420849,5169268,4322819,5635666,2881483,4591218,0,4353457,4606875,5159545,4449520,4700808,5370196,4363353,2739446,4691078,5072992,5026103,5768014,4114154,4196786,5343412,4696327,4684765,4376335,4400958,7042106,4437443,4249841,4259658,4562374,5378803,5272909,5733935,5583846,4193646,4852842,5346522,5132352,4892958,4713790,4572219,5062294,4709310,4338953,5678937,5416323
7319454,5542389,7116868,5950643,6931666,6371429,6186942,5124720,5967362,6659239,5742088,5016178,5592243,5367221,5378334,8152512,7409470,4759788,6152020,5419400,8149798,3878089,0,4591218,6765794,5438744,6144378,5904383,5647200,5728185,5313031,3600374,5903782,6221712,6076660,6580303,4394532,5228278,6765789,7100185,5818391,4771312,5441357,4874750,6242019,5549904,5603807,5670498,6227984,5307678,5486785,5777173,5909379,6106027,5447293,5542220,5374390,6882212,7964593,6219335,6776719,6015593,6470565,6296182
3223718,2888092,4146822,3019966,2856644,2874306,3380938,2678534,3147821,3504440,2861472,2927102,3213331,3443971,3240263,3242830,4472871,2996041,3820718,3090218,3910923,0,3878089,2881483,4053233,3115052,3611724,4509053,3293394,3691461,2991199,2830892,3850079,3677750,3507932,4064611,3007560,2983060,3419349,3311838,3224990,3136761,2983493,2917778,4303212,2919632,2898821,5030112,3807889,2971422,2877802,3147246,2838318,3380217,2871705,2819658,2901729,4824704,3221960,3490337,3050981,3131387,3440548,3628972
26787387,13107873,10382411,19956672,12599842,22249133,16210911,11708621,15736486,13186652,13046362,7292254,12064732,7505235,8368018,11387038,9485262,5230352,11674836,10624907,0,3910923,8149798,5635666,6362974,8790966,7599061,8001046,8468817,9765939,7121340,3516004,6182567,5968689,11405189,11750753,5302638,8043962,14249067,8049841,12694956,6619881,9989823,6451085,7670910,14721595,10279609,6761719,12192343,9562520,12786660,16075980,16038022,13251608,11904843,14315221,13277404,12089450,16057220,15154517,25871334,14352657,15643927,12351913
9876110,7956813,5930507,9030639,6409377,8892426,7622581,6502498,7218783,6661027,7178206,4975289,8456750,5486443,5524219,6323006,5629935,4398759,6943163,0,10624907,3090218,5419400,4322819,4563581,8743925,5287416,5047931,5714371,5795970,7838975,3156194,4348532,4525317,6826863,6932625,4230041,6990292,7035947,6128154,6539237,4568325,9004542,4781885,5342718,8752579,6330463,4982497,6856654,6235698,7065662,7421308,8093383,7886075,7013879,7004603,6895005,6305656,7623539,7249153,10830259,7610864,7182715,6776277
10380811,7139836,6651826,8792473,6781364,8963892,8888442,6453077,8482745,8298210,6930344,5702484,6981837,7148565,6164198,6683303,6678050,5077938,0,6943163,11674836,3820718,6152020,5169268,5471362,6537429,6628323,6044295,6871946,7363636,5802457,3576813,5214272,5363158,8040611,9219315,5759477,5920998,8391500,6277611,7707054,5692430,6563113,5538433,6216935,7458635,6500077,6046378,9181417,6546716,6985789,8063017,7678506,8386109,6905517,7440359,7003985,7033449,8002105,9054199,9877552,7424063,8686821,8207236
4901468,4600915,4303406,4520236,4158904,4234345,4706497,4789177,4539696,4922271,3966341,6101245,4240659,4709780,5238456,4549391,4336124,0,5077938,4398759,5230352,2996041,4759788,6420849,4399610,4418740,5174929,4258147,4556436,4957321,4419246,2559431,4209405,4335071,4851747,5482839,3870087,3941174,5182940,4861972,4589918,4227878,4232970,6080792,4278390,4142008,4136326,4452406,5137475,5000687,5608999,5285247,4040666,4884921,4636927,4628743,5247271,4491437,4482062,4774315,4509339,4243755,5619020,5227984
8040113,5785934,7510754,6768269,6112956,7077998,6595691,5324281,6418573,6639512,5589148,4951825,5984037,5141874,5425863,7080273,0,4336124,6678050,5629935,9485262,4472871,7409470,4288411,5952348,5323586,6033971,6353753,5403364,5695381,4713501,3723621,5515933,5441541,6069055,6565101,4250146,5041119,7027234,6275065,5884125,4544383,5458855,4600799,6142595,5920482,5315221,6778582,6302539,5159614,5696435,6573630,6043827,6231595,5637527,5928656,5950645,7926410,7382363,6621888,7787878,6002328,6679503,6255790
10336675,6995956,7844962,8311236,8616277,9026283,8012281,6056678,7550954,7254279,6708177,5453261,6675877,5549999,5980888,0,7080273,4549391,6683303,6323006,11387038,3242830,8152512,4563891,5992196,5916699,5789789,6207256,5666592,5773686,5343354,3409121,6067883,5426621,6519042,6958837,4275886,5568617,7590352,6951263,6861630,4581777,6152981,4752832,6566800,7548705,6304887,5919338,6834325,5765060,6749447,7561384,7531809,7176627,6624594,7043885,6839977,7244378,9869375,7423132,9885439,7652264,7851037,7434886
7663622,5976757,5960603,6495182,5575563,6685878,6250018,6389592,6254609,6722718,5924178,7081657,6554463,5945971,0,5980888,5425863,5238456,6164198,5524219,8368018,3240263,5378334,5865363,4875185,5702158,5490848,5452810,5375218,6127950,4961913,2984941,4540334,4959587,6108904,6635075,4525887,5121760,6322172,6266309,6370215,4665759,5842674,6199210,5405952,6132894,5415110,5349475,6336065,6383295,6715002,7773004,6175827,6168980,6971371,7167727,6388660,6332712,6287533,6485857,7248233,5958799,7084628,6382350
6495753,5695111,5666888,5878782,5401659,5772619,6470438,5030786,6195878,6926164,5478309,5753957,5740144,0,5945971,5549999,5141874,4709780,7148565,5486443,7505235,3443971,5367221,4858828,5005877,5895431,6207310,5240022,5914319,6298623,5242447,3246315,4685209,4826811,6857738,8192026,5577856,5117372,6365399,5659272,6148697,5218341,5691849,5166098,5220789,5487533,5464936,5335934,7759366,5419527,5437018,5804574,5512784,6750787,5417780,5388892,5122137,5535035,5809615,7156227,6162510,5703003,6432705,6865104
11315343,8028499,6531945,10434408,6866097,10010983,8302773,6689394,7895653,7769919,9076105,5536023,0,5740144,6554463,6675877,5984037,4240659,6981837,8456750,12064732,3213331,5592243,4434240,4847458,7826131,5522615,5182451,5657452,6398992,5922222,3141255,4526173,4629424,6767627,7240251,4154556,6985805,7366887,6754881,7099668,4621477,8595960,4823846,5218889,9481559,6875955,5310366,7128485,6159772,7183441,8580482,8799668,7594270,7497586,7547236,7518484,7152644,8590213,7846863,11757571,8932164,7922714,6916546
6260263,5497253,5443499,5836300,4943400,5699870,5694423,5721096,5960549,6085175,5240608,0,5536023,5753957,7081657,5453261,4951825,6101245,5702484,4975289,7292254,2927102,5016178,6874785,4776145,5162250,5561310,5049491,5066154,5495103,4584311,2776688,4756607,4470280,5604556,6267709,4362835,4790406,6077991,5242574,5537354,4526972,5370057,7010844,5219868,5166762,4907821,5275922,5901599,6230360,6565894,6580643,5441448,5638293,6489817,6566224,5857316,5557749,5736770,5776647,6234805,5303608,6294132,5850269
13754911,7447022,6152792,11822695,6978949,12156291,8543386,6576876,8093521,8416580,0,5240608,9076105,5478309,5924178,6708177,5589148,3966341,6930344,7178206,13046362,2861472,5742088,4051320,4408342,6395013,5231130,5015529,5629711,6017979,5940432,2611329,4355089,4209714,6750946,7429197,3978179,6783326,7730267,5540556,7041602,4448213,6883543,4685786,5049519,9061127,8985901,4732854,7032780,5773472,7113598,8470806,9991580,7296234,6869357,7734182,7338467,6787068,8312483,8315826,12153514,11082283,8076266,7293859
11624262,7663435,7181430,9970633,7636142,10385954,8748450,7062812,10514102,0,8416580,6085175,7769919,6926164,6722718,7254279,6639512,4922271,8298210,6661027,13186652,3504440,6659239,5187959,5828699,6639827,7338142,5939675,8204518,8560373,5596023,3288399,5120425,5188139,9171074,9020146,5251403,6021063,10463021,6479529,8534930,6944974,6796794,5520897,6035243,8237229,7165111,5749017,8584032,6716653,7577517,8730172,8938522,8158248,7103377,7996722,7575221,7385692,9453791,9084325,11254549,8478562,10130408,10433070
13433645,8387945,7292895,11512059,8067617,11982022,10407948,7889285,0,10514102,8093521,5960549,7895653,6195878,6254609,7550954,6418573,4539696,8482745,7218783,15736486,3147821,5967362,4716259,5096810,6455650,6983931,5722131,8175977,7899565,5587657,2955958,4814162,4922500,9219729,8848601,4936546,5886497,10952188,6157918,9156366,6481177,6876391,5173517,5901256,9151034,6923082,5368526,8821683,6596738,8458103,9933252,9629149,8831758,7737946,9187354,8496893,7857313,10064773,10220745,13702276,8879205,11158170,10439430
10180515,7027773,6127790,8482747,6664989,8937157,7899329,0,7889285,7062812,6576876,5721096,6689394,5030786,6389592,6056678,5324281,4789177,6453077,6502498,11708621,2678534,5124720,4324449,4229008,5795263,5190663,4856255,5203594,5955371,5310033,2608277,4096749,4193807,6305046,6727682,3959391,5080148,7214312,5893150,7251348,4384767,5869421,5200207,4954109,7387589,5826800,4630005,6745706,7615005,7969042,8436762,7481714,7300654,8083980,8588389,8613645,6188801,7488347,7407286,9936463,6992729,7715322,6724497
14205797,9258206,7012201,11792642,8476719,13101975,0,7899329,10407948,8748450,8543386,5694423,8302773,6470438,6250018,8012281,6595691,4706497,8888442,7622581,16210911,3380938,6186942,4876858,5051127,6716407,6277159,5983072,6939376,7074446,5668171,3174995,4909929,5065558,8438073,9113497,4956876,6143071,9262599,6300843,8508992,5661214,7248359,5363120,6123995,9166742,7313461,5658985,9094346,6601932,8499215,9954130,9802916,9317921,8096324,9128350,8771642,8187806,10061895,10280236,14312757,9277229,10189260,8900655
22893359,11019155,7602449,17125458,10015234,0,13101975,8937157,11982022,10385954,12156291,5699870,10010983,5772619,6685878,9026283,7077998,4234345,8963892,8892426,22249133,2874306,6371429,4428077,4821846,7636983,5840722,5814166,6649744,7177175,6831533,2699137,4678489,4606513,8612752,9185471,4209224,7462366,10750736,6496860,9487034,4894776,8904533,5147688,6096932,11844230,10616372,5286582,9217316,7200346,9810994,12672122,14967723,10328680,9374582,11202537,10359548,9102409,12313517,11605294,21185538,14093487,11634901,9487130
11355851,7343767,6784010,9222161,0,10015234,8476719,6664989,8067617,7636142,6978949,4943400,6866097,5401659,5575563,8616277,6112956,4158904,6781364,6409377,12599842,2856644,6931666,4198309,5006308,5843123,5753770,5618547,5532487,6085615,5160942,3003975,5065313,4836490,6669093,7186744,4019771,5467843,8273168,6499836,6951846,4697690,6249377,4538352,5914593,7714842,6480847,5085197,7119417,5934054,7125660,8037451,7972280,7358177,6819786,7615276,6936378,6624172,9992901,7666637,11028702,7581616,8365840,7137052
19570699,10299747,7364282,0,9222161,17125458,11792642,8482747,11512059,9970633,11822695,5836300,10434408,5878782,6495182,8311236,6768269,4520236,8792473,9030639,19956672,3019966,5950643,4661557,4764456,7546459,6190929,5725878,6749057,7128819,6060951,2759672,4662787,4513648,8235999,9207210,4209717,7172110,9893212,6360535,8930648,5193350,8389147,5402965,5893015,12011292,9302093,5225107,8855046,7006623,9446496,11810048,13240820,9661449,8877843,10447008,9626958,8621506,11599136,11033046,18068253,12874162,10501538,8961608
8430063,6288967,0,7364282,6784010,7602449,7012201,6127790,7292895,7181430,6152792,5443499,6531945,5666888,5960603,7844962,7510754,4303406,6651826,5930507,10382411,4146822,7116868,4453134,7568844,5768902,5919935,7558986,5701693,5998310,5146018,3696821,6012591,5459218,6631378,6950639,4377260,5377650,7054687,6595676,6676013,4778709,5753558,4818448,6728414,6821707,5734980,7582459,6719430,5656612,6343148,6804159,6622966,6680613,6162771,6387782,6110244,8603671,7957333,6969881,8425661,6757264,7231270,6850861
11856390,0,6288967,10299747,7343767,11019155,9258206,7027773,8387945,7663435,7447022,5497253,8028499,5695111,5976757,6995956,5785934,4600915,7139836,7956813,13107873,2888092,5542389,4764731,4470126,8300128,5740645,5098468,5657420,5900428,6258612,2720498,4436051,4471711,7146008,7415708,4217991,6197972,7869427,6205617,7358993,4631973,8549085,5330556,5391468,9385807,6695324,4972784,7442128,6112788,7355598,8397233,9257817,7815610,7056488,8113988,7493797,6865814,8349151,8288692,12797682,8304594,8112360,7220361
0,11856390,8430063,19570699,11355851,22893359,14205797,10180515,13433645,11624262,13754911,6260263,11315343,6495753,7663622,10336675,8040113,4901468,10380811,9876110,26787387,3223718,7319454,5085025,5386232,8151840,6774124,6560403,7709089,8203849,7630020,3018729,5299104,5027874,9870453,10522539,4677056,8140084,12538917,7230545,10758081,5532016,9279770,5907780,6860448,13401442,11876109,5813276,10658854,8371847,11271278,14376039,16213791,11736144,10678009,12756530,11794429,10301456,14170705,13345952,24604083,15595916,13922769,10913575

